,DataSet,Target,Selected,Model,subjects,avg_train_accuracy,avg_test_accuracy,med_train_accuracy,med_test_accuracy,std_train_accuracy,std_test_accuracy,all_train_accuracy,all_test_accuracy,Confusion Matrix,estimator
0,AutoDataset,class5,100,GaussianNB,931,0.6326578624521902,0.5586452762923351,0.6214765100671141,0.6075268817204301,0.020900328033555418,0.08705384209314909,"[0.6505376344086021, 0.610738255033557, 0.6214765100671141, 0.6214765100671141, 0.6590604026845638]","[0.45989304812834225, 0.6290322580645161, 0.6075268817204301, 0.6290322580645161, 0.46774193548387094]","[[[51, 11, 5, 1, 0], [8, 3, 13, 10, 0], [3, 5, 14, 7, 0], [0, 0, 0, 18, 0], [0, 0, 2, 36, 0]], [[47, 11, 8, 1, 0], [22, 4, 7, 0, 0], [10, 5, 15, 0, 0], [0, 0, 0, 16, 2], [0, 0, 0, 3, 35]], [[54, 1, 11, 0, 1], [18, 3, 11, 0, 1], [5, 2, 14, 0, 9], [0, 0, 0, 5, 13], [0, 0, 0, 1, 37]], [[59, 6, 2, 0, 0], [17, 5, 10, 0, 1], [6, 0, 19, 2, 3], [0, 0, 6, 0, 12], [0, 0, 4, 0, 34]], [[49, 11, 8, 0, 0], [21, 2, 10, 0, 0], [15, 8, 6, 0, 0], [0, 0, 2, 0, 16], [0, 0, 8, 0, 30]]]",GaussianNB()
1,AutoDataset,class5,100,MLPClassifier,931,0.9135335931298261,0.6037433155080214,0.9126344086021505,0.6236559139784946,0.007452715528132436,0.061499344350573394,"[0.9126344086021505, 0.9046979865771813, 0.9100671140939597, 0.9248322147651007, 0.9154362416107382]","[0.5187165775401069, 0.6397849462365591, 0.6720430107526881, 0.6236559139784946, 0.5645161290322581]","[[[50, 15, 3, 0, 0], [18, 5, 10, 1, 0], [5, 5, 18, 1, 0], [0, 0, 0, 17, 1], [0, 0, 2, 29, 7]], [[51, 13, 2, 0, 1], [16, 6, 10, 0, 1], [4, 8, 18, 0, 0], [0, 0, 0, 8, 10], [0, 0, 0, 2, 36]], [[56, 8, 2, 0, 1], [10, 10, 12, 0, 1], [3, 7, 19, 1, 0], [0, 0, 0, 5, 13], [0, 0, 0, 3, 35]], [[66, 0, 1, 0, 0], [17, 4, 12, 0, 0], [8, 5, 14, 1, 2], [1, 1, 3, 3, 10], [0, 1, 2, 6, 29]], [[56, 8, 4, 0, 0], [26, 1, 6, 0, 0], [10, 6, 11, 2, 0], [0, 0, 2, 5, 11], [1, 0, 1, 4, 32]]]","MLPClassifier(activation='logistic', hidden_layer_sizes=100, max_iter=300)"
2,AutoDataset,class5,100,LogisticRegression,931,0.6691744244786029,0.6015697774711057,0.6724832214765101,0.6129032258064516,0.009689152620641505,0.045787053334641614,"[0.6747311827956989, 0.6590604026845638, 0.6590604026845638, 0.6724832214765101, 0.6805369127516778]","[0.5401069518716578, 0.6129032258064516, 0.6505376344086021, 0.6344086021505376, 0.5698924731182796]","[[[64, 3, 1, 0, 0], [25, 3, 1, 5, 0], [10, 4, 6, 8, 1], [0, 0, 0, 18, 0], [1, 0, 1, 26, 10]], [[64, 3, 0, 0, 0], [28, 3, 1, 0, 1], [18, 7, 5, 0, 0], [0, 0, 0, 4, 14], [0, 0, 0, 0, 38]], [[65, 0, 1, 0, 1], [23, 4, 4, 0, 2], [8, 6, 13, 0, 3], [0, 0, 0, 1, 17], [0, 0, 0, 0, 38]], [[66, 0, 1, 0, 0], [23, 3, 6, 0, 1], [12, 1, 14, 0, 3], [1, 0, 3, 0, 14], [2, 0, 1, 0, 35]], [[62, 4, 1, 0, 1], [25, 4, 4, 0, 0], [21, 1, 6, 0, 1], [0, 0, 2, 0, 16], [2, 0, 2, 0, 34]]]","LogisticRegression(C=0.01, l1_ratio=0.2, max_iter=400, penalty='elasticnet',
                   solver='saga')"
3,AutoDataset,class5,100,KNeighborsClassifier,931,0.7322793533953957,0.5640331205796101,0.7302013422818792,0.5806451612903226,0.007767087277004177,0.06921861533976986,"[0.7405913978494624, 0.7302013422818792, 0.7221476510067114, 0.7395973154362416, 0.7288590604026846]","[0.44919786096256686, 0.5913978494623656, 0.5645161290322581, 0.6344086021505376, 0.5806451612903226]","[[[55, 12, 1, 0, 0], [20, 2, 3, 9, 0], [5, 9, 6, 8, 1], [0, 0, 0, 17, 1], [1, 0, 0, 33, 4]], [[57, 7, 2, 0, 1], [24, 5, 4, 0, 0], [15, 8, 7, 0, 0], [0, 0, 2, 7, 9], [0, 0, 0, 4, 34]], [[50, 11, 6, 0, 0], [24, 2, 7, 0, 0], [9, 7, 11, 0, 3], [0, 1, 0, 4, 13], [0, 0, 0, 0, 38]], [[66, 0, 1, 0, 0], [18, 5, 10, 0, 0], [7, 9, 11, 1, 2], [0, 1, 3, 1, 13], [0, 0, 3, 0, 35]], [[61, 2, 5, 0, 0], [23, 7, 3, 0, 0], [16, 6, 7, 0, 0], [1, 0, 2, 0, 15], [2, 0, 3, 0, 33]]]",KNeighborsClassifier()
4,AutoDataset,class5,100,ExtraTreeClassifier,931,0.9975828101320632,0.4630326030705537,0.9973154362416108,0.46774193548387094,0.0017513680235443137,0.05160013079750406,"[0.9959677419354839, 0.9986577181208054, 0.9973154362416108, 0.9959731543624161, 1.0]","[0.37967914438502676, 0.5, 0.510752688172043, 0.46774193548387094, 0.45698924731182794]","[[[40, 17, 10, 0, 1], [12, 5, 13, 2, 2], [9, 6, 8, 4, 2], [0, 1, 5, 10, 2], [4, 2, 4, 20, 8]], [[37, 19, 10, 0, 1], [16, 10, 7, 0, 0], [11, 6, 10, 2, 1], [0, 1, 3, 9, 5], [1, 1, 0, 9, 27]], [[42, 12, 8, 2, 3], [16, 4, 13, 0, 0], [4, 6, 17, 0, 3], [0, 0, 0, 6, 12], [0, 0, 0, 12, 26]], [[46, 15, 6, 0, 0], [15, 4, 14, 0, 0], [10, 4, 10, 3, 3], [3, 2, 3, 2, 8], [3, 3, 1, 6, 25]], [[48, 10, 8, 1, 1], [19, 6, 8, 0, 0], [11, 5, 10, 1, 2], [0, 0, 3, 4, 11], [3, 6, 7, 5, 17]]]",ExtraTreeClassifier()
5,AutoDataset,class5,100,RandomForestClassifier,931,0.9975828101320632,0.6112586970271979,0.9973154362416108,0.6559139784946236,0.0017513680235443137,0.06643075289871271,"[0.9959677419354839, 0.9986577181208054, 0.9973154362416108, 0.9959731543624161, 1.0]","[0.5294117647058824, 0.6559139784946236, 0.6612903225806451, 0.6612903225806451, 0.5483870967741935]","[[[62, 5, 1, 0, 0], [24, 2, 3, 5, 0], [7, 3, 13, 6, 0], [0, 0, 0, 18, 0], [1, 0, 0, 33, 4]], [[57, 7, 2, 0, 1], [21, 6, 6, 0, 0], [9, 7, 14, 0, 0], [0, 0, 0, 7, 11], [0, 0, 0, 0, 38]], [[58, 4, 5, 0, 0], [19, 4, 9, 0, 1], [3, 3, 21, 0, 3], [0, 0, 0, 2, 16], [0, 0, 0, 0, 38]], [[65, 1, 1, 0, 0], [19, 4, 9, 0, 1], [7, 3, 18, 0, 2], [0, 1, 3, 0, 14], [0, 0, 2, 0, 36]], [[59, 7, 2, 0, 0], [23, 2, 8, 0, 0], [17, 3, 9, 0, 0], [0, 0, 3, 0, 15], [2, 0, 3, 1, 32]]]",RandomForestClassifier()
6,AutoDataset,class5,100,LinearSVC,931,0.8278758028433282,0.5726122707147375,0.8335570469798658,0.553763440860215,0.01402153369886869,0.08747441712554134,"[0.8373655913978495, 0.8335570469798658, 0.8040268456375839, 0.8268456375838926, 0.8375838926174497]","[0.47058823529411764, 0.553763440860215, 0.6935483870967742, 0.6236559139784946, 0.521505376344086]","[[[47, 17, 4, 0, 0], [21, 3, 5, 5, 0], [6, 4, 12, 7, 0], [0, 0, 0, 16, 2], [0, 0, 1, 27, 10]], [[47, 15, 3, 1, 1], [18, 4, 9, 0, 2], [8, 8, 13, 0, 1], [0, 0, 2, 6, 10], [0, 1, 0, 4, 33]], [[59, 4, 2, 2, 0], [13, 11, 8, 1, 0], [2, 5, 20, 1, 2], [0, 0, 1, 6, 11], [0, 0, 0, 5, 33]], [[63, 1, 2, 1, 0], [15, 6, 10, 1, 1], [10, 1, 14, 2, 3], [4, 0, 3, 3, 8], [0, 0, 2, 6, 30]], [[56, 7, 5, 0, 0], [27, 1, 5, 0, 0], [11, 7, 9, 2, 0], [0, 0, 3, 4, 11], [1, 3, 7, 0, 27]]]",LinearSVC()
7,AutoDataset,class5,100,AdaBoostClassifier,931,0.6133333333333333,0.4951239146685067,0.6040268456375839,0.5161290322580645,0.05560119041188176,0.040473421096635966,"[0.6666666666666666, 0.6040268456375839, 0.5624161073825503, 0.5583892617449664, 0.6751677852348993]","[0.5347593582887701, 0.44623655913978494, 0.45698924731182794, 0.5161290322580645, 0.521505376344086]","[[[51, 13, 4, 0, 0], [13, 9, 12, 0, 0], [4, 5, 19, 1, 0], [0, 0, 6, 4, 8], [1, 0, 9, 11, 17]], [[44, 13, 10, 0, 0], [20, 6, 6, 0, 1], [8, 12, 10, 0, 0], [0, 0, 4, 10, 4], [0, 1, 0, 24, 13]], [[33, 26, 7, 0, 1], [7, 12, 14, 0, 0], [5, 4, 19, 1, 1], [0, 0, 1, 9, 8], [0, 0, 1, 25, 12]], [[44, 19, 4, 0, 0], [11, 11, 11, 0, 0], [1, 8, 20, 0, 1], [0, 1, 6, 3, 8], [0, 0, 6, 14, 18]], [[47, 10, 11, 0, 0], [13, 14, 6, 0, 0], [9, 8, 11, 1, 0], [0, 1, 5, 5, 7], [0, 0, 14, 4, 20]]]",AdaBoostClassifier(n_estimators=100)
8,AutoDataset,class5,100,GradientBoostingClassifier,931,0.9975828101320632,0.6058708527399229,0.9973154362416108,0.6290322580645161,0.0017513680235443137,0.05520774368167491,"[0.9959677419354839, 0.9986577181208054, 0.9973154362416108, 0.9959731543624161, 1.0]","[0.5401069518716578, 0.6451612903225806, 0.6612903225806451, 0.6290322580645161, 0.553763440860215]","[[[57, 9, 2, 0, 0], [19, 3, 7, 5, 0], [7, 3, 16, 3, 0], [0, 0, 0, 16, 2], [1, 1, 0, 27, 9]], [[53, 7, 6, 0, 1], [18, 7, 8, 0, 0], [4, 10, 16, 0, 0], [0, 0, 1, 7, 10], [0, 0, 0, 1, 37]], [[56, 5, 6, 0, 0], [14, 9, 9, 0, 1], [1, 6, 20, 1, 2], [0, 0, 0, 2, 16], [0, 0, 0, 2, 36]], [[61, 4, 2, 0, 0], [17, 6, 10, 0, 0], [5, 8, 16, 0, 1], [0, 2, 5, 1, 10], [1, 1, 2, 1, 33]], [[60, 6, 2, 0, 0], [25, 3, 5, 0, 0], [11, 5, 13, 0, 0], [0, 1, 2, 1, 14], [3, 0, 8, 1, 26]]]",GradientBoostingClassifier()
9,AutoDataset,class5,100,VotingClassifier,931,0.926425633253951,0.5908630901040768,0.9261744966442953,0.5913978494623656,0.00741074270752188,0.06612613408234239,"[0.9354838709677419, 0.9221476510067114, 0.9167785234899329, 0.9261744966442953, 0.9315436241610738]","[0.49732620320855614, 0.5913978494623656, 0.6720430107526881, 0.6290322580645161, 0.5645161290322581]","[[[53, 12, 3, 0, 0], [20, 3, 8, 3, 0], [5, 4, 13, 7, 0], [0, 0, 0, 18, 0], [0, 0, 0, 32, 6]], [[52, 11, 3, 0, 1], [21, 3, 9, 0, 0], [7, 8, 14, 0, 1], [0, 0, 2, 7, 9], [0, 0, 0, 4, 34]], [[58, 7, 2, 0, 0], [14, 8, 10, 0, 1], [3, 7, 19, 1, 0], [0, 0, 1, 5, 12], [0, 0, 0, 3, 35]], [[66, 0, 1, 0, 0], [18, 2, 13, 0, 0], [10, 3, 14, 0, 3], [2, 0, 3, 3, 10], [0, 0, 2, 4, 32]], [[59, 5, 4, 0, 0], [27, 1, 5, 0, 0], [16, 3, 10, 0, 0], [0, 0, 4, 4, 10], [1, 1, 4, 1, 31]]]","VotingClassifier(estimators=[('mlp',
                              MLPClassifier(activation='logistic',
                                            hidden_layer_sizes=100,
                                            max_iter=300)),
                             ('svc', LinearSVC()),
                             ('rfc', RandomForestClassifier())])"
10,AutoDataset,class5,200,GaussianNB,931,0.6530663202713429,0.5726295210166177,0.6442953020134228,0.6182795698924731,0.015851446583363946,0.0857270520251851,"[0.6720430107526881, 0.6442953020134228, 0.6416107382550336, 0.6389261744966444, 0.6684563758389261]","[0.45454545454545453, 0.6559139784946236, 0.6236559139784946, 0.6182795698924731, 0.510752688172043]","[[[47, 16, 4, 1, 0], [9, 4, 10, 11, 0], [1, 5, 16, 7, 0], [0, 0, 0, 18, 0], [0, 0, 1, 37, 0]], [[52, 9, 4, 0, 2], [23, 4, 6, 0, 0], [10, 5, 14, 1, 0], [0, 0, 0, 18, 0], [0, 0, 0, 4, 34]], [[53, 1, 12, 0, 1], [14, 4, 14, 0, 1], [4, 2, 16, 2, 6], [0, 0, 0, 6, 12], [0, 0, 0, 1, 37]], [[58, 6, 3, 0, 0], [16, 5, 11, 0, 1], [5, 2, 18, 2, 3], [0, 0, 7, 0, 11], [0, 0, 4, 0, 34]], [[52, 10, 6, 0, 0], [21, 3, 9, 0, 0], [15, 7, 7, 0, 0], [0, 0, 2, 0, 16], [0, 0, 5, 0, 33]]]",GaussianNB()
11,AutoDataset,class5,200,MLPClassifier,931,0.9935556036660171,0.600552009660169,0.9932885906040269,0.5967741935483871,0.0019899550655217892,0.07618648060916137,"[0.9946236559139785, 0.9959731543624161, 0.9906040268456375, 0.9932885906040269, 0.9932885906040269]","[0.48663101604278075, 0.5806451612903226, 0.6827956989247311, 0.6559139784946236, 0.5967741935483871]","[[[46, 18, 4, 0, 0], [22, 1, 10, 1, 0], [6, 3, 19, 1, 0], [0, 0, 0, 18, 0], [0, 0, 2, 29, 7]], [[41, 23, 2, 0, 1], [17, 6, 10, 0, 0], [4, 8, 17, 0, 1], [0, 0, 0, 11, 7], [0, 0, 0, 5, 33]], [[55, 8, 3, 0, 1], [11, 8, 13, 1, 0], [1, 4, 23, 1, 1], [0, 0, 0, 6, 12], [0, 0, 0, 3, 35]], [[64, 2, 1, 0, 0], [17, 5, 11, 0, 0], [4, 5, 18, 1, 2], [0, 0, 5, 3, 10], [0, 0, 1, 5, 32]], [[58, 6, 4, 0, 0], [24, 4, 5, 0, 0], [8, 9, 11, 1, 0], [0, 0, 2, 7, 9], [1, 0, 1, 5, 31]]]","MLPClassifier(activation='logistic', hidden_layer_sizes=100, max_iter=300)"
12,AutoDataset,class5,200,LogisticRegression,931,0.683673955401602,0.5983727215226267,0.6845637583892618,0.6129032258064516,0.012809348302990076,0.06030275169064835,"[0.6854838709677419, 0.6697986577181209, 0.6751677852348993, 0.6845637583892618, 0.7033557046979866]","[0.5133689839572193, 0.6129032258064516, 0.6666666666666666, 0.6344086021505376, 0.5645161290322581]","[[[64, 3, 1, 0, 0], [25, 2, 2, 5, 0], [9, 6, 8, 6, 0], [0, 0, 0, 18, 0], [3, 0, 0, 31, 4]], [[62, 5, 0, 0, 0], [27, 3, 2, 0, 1], [14, 9, 7, 0, 0], [0, 0, 0, 4, 14], [0, 0, 0, 0, 38]], [[65, 1, 1, 0, 0], [24, 5, 3, 0, 1], [7, 6, 15, 0, 2], [0, 0, 0, 1, 17], [0, 0, 0, 0, 38]], [[66, 0, 1, 0, 0], [23, 2, 8, 0, 0], [12, 0, 15, 0, 3], [1, 0, 4, 0, 13], [1, 0, 2, 0, 35]], [[63, 3, 1, 0, 1], [27, 2, 4, 0, 0], [21, 1, 6, 0, 1], [0, 0, 2, 0, 16], [2, 0, 2, 0, 34]]]","LogisticRegression(C=0.01, l1_ratio=0.2, max_iter=400, penalty='elasticnet',
                   solver='saga')"
13,AutoDataset,class5,200,KNeighborsClassifier,931,0.7255661398571119,0.5790868840204703,0.7248322147651006,0.6129032258064516,0.005278181428074404,0.07746149732060284,"[0.7338709677419355, 0.7194630872483222, 0.7248322147651006, 0.723489932885906, 0.7261744966442953]","[0.44919786096256686, 0.6182795698924731, 0.6129032258064516, 0.6451612903225806, 0.5698924731182796]","[[[52, 15, 1, 0, 0], [20, 3, 1, 10, 0], [5, 9, 7, 8, 0], [0, 0, 0, 18, 0], [1, 0, 0, 33, 4]], [[57, 7, 2, 0, 1], [22, 6, 5, 0, 0], [14, 8, 8, 0, 0], [0, 1, 1, 8, 8], [0, 0, 0, 2, 36]], [[56, 8, 3, 0, 0], [20, 6, 7, 0, 0], [6, 10, 12, 0, 2], [0, 1, 0, 2, 15], [0, 0, 0, 0, 38]], [[64, 2, 1, 0, 0], [19, 6, 8, 0, 0], [7, 8, 13, 0, 2], [0, 0, 3, 1, 14], [0, 1, 1, 0, 36]], [[60, 6, 2, 0, 0], [22, 8, 3, 0, 0], [13, 9, 7, 0, 0], [2, 0, 1, 1, 14], [1, 1, 2, 4, 30]]]",KNeighborsClassifier()
14,AutoDataset,class5,200,ExtraTreeClassifier,931,0.9975828101320632,0.4608418147317578,0.9973154362416108,0.4731182795698925,0.0017513680235443137,0.02734098778953561,"[0.9959677419354839, 0.9986577181208054, 0.9973154362416108, 0.9959731543624161, 1.0]","[0.41711229946524064, 0.4731182795698925, 0.45161290322580644, 0.4838709677419355, 0.478494623655914]","[[[37, 23, 8, 0, 0], [7, 16, 3, 6, 2], [4, 16, 8, 0, 1], [0, 0, 3, 7, 8], [0, 4, 0, 24, 10]], [[42, 18, 4, 0, 3], [17, 9, 6, 0, 1], [10, 9, 9, 0, 2], [0, 0, 3, 6, 9], [0, 4, 4, 8, 22]], [[39, 16, 5, 5, 2], [14, 7, 8, 3, 1], [0, 13, 8, 4, 5], [0, 0, 2, 5, 11], [2, 1, 5, 5, 25]], [[46, 14, 6, 0, 1], [12, 9, 9, 0, 3], [7, 5, 13, 1, 4], [2, 0, 5, 2, 9], [1, 7, 5, 5, 20]], [[43, 15, 9, 0, 1], [18, 9, 3, 2, 1], [6, 8, 14, 0, 1], [1, 2, 1, 3, 11], [2, 4, 3, 9, 20]]]",ExtraTreeClassifier()
15,AutoDataset,class5,200,RandomForestClassifier,931,0.9975828101320632,0.6155482720947616,0.9973154362416108,0.6505376344086021,0.0017513680235443137,0.05639553547961045,"[0.9959677419354839, 0.9986577181208054, 0.9973154362416108, 0.9959731543624161, 1.0]","[0.5401069518716578, 0.6505376344086021, 0.6612903225806451, 0.6559139784946236, 0.5698924731182796]","[[[64, 3, 1, 0, 0], [18, 7, 4, 5, 0], [7, 6, 10, 6, 0], [0, 0, 0, 18, 0], [0, 0, 1, 35, 2]], [[60, 4, 2, 0, 1], [22, 7, 4, 0, 0], [12, 7, 11, 0, 0], [0, 0, 0, 5, 13], [0, 0, 0, 0, 38]], [[60, 3, 3, 0, 1], [20, 3, 9, 0, 1], [4, 1, 23, 0, 2], [0, 0, 1, 0, 17], [0, 0, 0, 1, 37]], [[62, 4, 1, 0, 0], [19, 3, 11, 0, 0], [5, 4, 20, 0, 1], [0, 0, 4, 0, 14], [0, 0, 1, 0, 37]], [[58, 6, 4, 0, 0], [25, 2, 6, 0, 0], [13, 5, 11, 0, 0], [0, 0, 1, 0, 17], [1, 2, 0, 0, 35]]]",RandomForestClassifier()
16,AutoDataset,class5,200,LinearSVC,931,0.9605253662408891,0.5500661261572077,0.956989247311828,0.5483870967741935,0.011729138632316685,0.07328633126841386,"[0.956989247311828, 0.9771812080536912, 0.9463087248322147, 0.9557046979865772, 0.9664429530201343]","[0.4385026737967914, 0.543010752688172, 0.6397849462365591, 0.5806451612903226, 0.5483870967741935]","[[[48, 15, 4, 0, 1], [19, 1, 6, 8, 0], [4, 6, 8, 9, 2], [0, 0, 0, 15, 3], [1, 0, 0, 27, 10]], [[44, 16, 6, 0, 1], [19, 4, 10, 0, 0], [6, 7, 15, 1, 1], [0, 1, 1, 8, 8], [0, 1, 0, 7, 30]], [[56, 6, 4, 1, 0], [14, 8, 10, 1, 0], [3, 9, 17, 0, 1], [0, 0, 0, 5, 13], [0, 0, 0, 5, 33]], [[58, 6, 3, 0, 0], [16, 2, 13, 1, 1], [3, 8, 14, 2, 3], [1, 1, 3, 7, 6], [1, 0, 2, 8, 27]], [[51, 10, 7, 0, 0], [20, 3, 9, 1, 0], [5, 8, 14, 2, 0], [0, 2, 4, 4, 8], [2, 1, 4, 1, 30]]]",LinearSVC()
17,AutoDataset,class5,200,AdaBoostClassifier,931,0.5872811575377066,0.5036685641998735,0.6093959731543624,0.478494623655914,0.04834717930705477,0.051848838616142236,"[0.6223118279569892, 0.6093959731543624, 0.5731543624161074, 0.508724832214765, 0.6228187919463087]","[0.5882352941176471, 0.478494623655914, 0.5161290322580645, 0.478494623655914, 0.45698924731182794]","[[[49, 16, 3, 0, 0], [9, 13, 8, 4, 0], [2, 5, 22, 0, 0], [0, 0, 0, 8, 10], [1, 0, 1, 18, 18]], [[51, 8, 7, 0, 1], [15, 10, 8, 0, 0], [7, 10, 13, 0, 0], [0, 1, 1, 6, 10], [0, 1, 0, 28, 9]], [[29, 24, 14, 0, 0], [9, 11, 13, 0, 0], [2, 6, 21, 1, 0], [0, 0, 2, 8, 8], [0, 0, 0, 11, 27]], [[58, 3, 4, 0, 2], [25, 3, 4, 0, 1], [12, 2, 10, 0, 6], [2, 1, 8, 4, 3], [1, 2, 6, 15, 14]], [[44, 15, 9, 0, 0], [18, 5, 10, 0, 0], [9, 9, 11, 0, 0], [0, 0, 6, 5, 7], [0, 1, 10, 7, 20]]]",AdaBoostClassifier(n_estimators=100)
18,AutoDataset,class5,200,GradientBoostingClassifier,931,0.9975828101320632,0.6198723477660859,0.9973154362416108,0.6612903225806451,0.0017513680235443137,0.06971151219617969,"[0.9959677419354839, 0.9986577181208054, 0.9973154362416108, 0.9959731543624161, 1.0]","[0.5187165775401069, 0.6612903225806451, 0.6774193548387096, 0.6666666666666666, 0.5752688172043011]","[[[55, 11, 2, 0, 0], [21, 3, 5, 5, 0], [5, 4, 15, 5, 0], [0, 0, 0, 17, 1], [1, 0, 0, 30, 7]], [[53, 8, 5, 0, 1], [17, 11, 5, 0, 0], [5, 11, 14, 0, 0], [0, 0, 0, 9, 9], [0, 0, 0, 2, 36]], [[60, 3, 4, 0, 0], [17, 5, 9, 0, 2], [1, 4, 23, 2, 0], [0, 0, 1, 1, 16], [0, 0, 0, 1, 37]], [[61, 4, 2, 0, 0], [16, 9, 8, 0, 0], [4, 4, 21, 1, 0], [2, 0, 5, 0, 11], [0, 0, 4, 1, 33]], [[59, 8, 1, 0, 0], [20, 9, 4, 0, 0], [12, 6, 11, 0, 0], [0, 0, 3, 1, 14], [2, 2, 6, 1, 27]]]",GradientBoostingClassifier()
19,AutoDataset,class5,200,VotingClassifier,931,0.9967774410045465,0.5919671094244149,0.9959731543624161,0.6075268817204301,0.0018014667683409738,0.07497404261743433,"[0.9959677419354839, 0.9959731543624161, 0.9959731543624161, 0.9959731543624161, 1.0]","[0.47058823529411764, 0.5806451612903226, 0.6666666666666666, 0.6344086021505376, 0.6075268817204301]","[[[51, 14, 3, 0, 0], [22, 2, 6, 4, 0], [7, 5, 11, 6, 0], [0, 0, 0, 18, 0], [2, 0, 1, 29, 6]], [[50, 14, 2, 0, 1], [23, 3, 7, 0, 0], [7, 8, 14, 0, 1], [0, 1, 1, 8, 8], [0, 1, 0, 4, 33]], [[57, 7, 3, 0, 0], [14, 6, 12, 0, 1], [4, 4, 22, 0, 0], [0, 0, 0, 4, 14], [0, 0, 0, 3, 35]], [[63, 3, 1, 0, 0], [17, 3, 13, 0, 0], [6, 6, 17, 0, 1], [1, 0, 5, 2, 10], [0, 0, 2, 3, 33]], [[60, 6, 2, 0, 0], [26, 2, 5, 0, 0], [7, 6, 16, 0, 0], [0, 2, 5, 3, 8], [1, 1, 4, 0, 32]]]","VotingClassifier(estimators=[('mlp',
                              MLPClassifier(activation='logistic',
                                            hidden_layer_sizes=100,
                                            max_iter=300)),
                             ('svc', LinearSVC()),
                             ('rfc', RandomForestClassifier())])"
20,AutoDataset,class5,300,GaussianNB,931,0.6587067907916577,0.5812144212523719,0.6496644295302013,0.6129032258064516,0.019116731426412813,0.08398070292862728,"[0.6827956989247311, 0.6496644295302013, 0.6389261744966444, 0.6469798657718121, 0.6751677852348993]","[0.47058823529411764, 0.6666666666666666, 0.6397849462365591, 0.6129032258064516, 0.5161290322580645]","[[[48, 16, 3, 1, 0], [7, 4, 10, 13, 0], [2, 3, 18, 6, 0], [0, 0, 0, 18, 0], [0, 0, 1, 37, 0]], [[53, 8, 4, 0, 2], [22, 5, 6, 0, 0], [10, 4, 15, 1, 0], [0, 0, 0, 18, 0], [0, 0, 0, 5, 33]], [[55, 1, 10, 0, 1], [14, 5, 13, 0, 1], [3, 3, 16, 1, 7], [0, 0, 0, 6, 12], [0, 0, 0, 1, 37]], [[58, 6, 3, 0, 0], [16, 5, 11, 0, 1], [6, 2, 17, 1, 4], [0, 0, 7, 0, 11], [0, 0, 4, 0, 34]], [[51, 13, 4, 0, 0], [21, 3, 9, 0, 0], [15, 5, 9, 0, 0], [0, 0, 2, 0, 16], [0, 0, 5, 0, 33]]]",GaussianNB()
21,AutoDataset,class5,300,MLPClassifier,931,0.9975828101320632,0.6080788913805991,0.9973154362416108,0.6129032258064516,0.0017513680235443137,0.07606129782181713,"[0.9959677419354839, 0.9986577181208054, 0.9973154362416108, 0.9959731543624161, 1.0]","[0.48663101604278075, 0.5967741935483871, 0.6774193548387096, 0.6666666666666666, 0.6129032258064516]","[[[47, 17, 3, 1, 0], [24, 3, 5, 2, 0], [5, 3, 16, 5, 0], [0, 0, 0, 18, 0], [0, 0, 1, 30, 7]], [[47, 18, 1, 0, 1], [17, 8, 8, 0, 0], [3, 12, 14, 0, 1], [0, 0, 1, 10, 7], [0, 0, 0, 6, 32]], [[54, 10, 2, 0, 1], [11, 8, 13, 0, 1], [1, 5, 23, 1, 0], [0, 0, 0, 6, 12], [0, 0, 0, 3, 35]], [[61, 5, 1, 0, 0], [15, 6, 12, 0, 0], [3, 4, 19, 1, 3], [0, 1, 3, 6, 8], [0, 0, 1, 5, 32]], [[56, 7, 5, 0, 0], [25, 3, 5, 0, 0], [5, 6, 17, 1, 0], [0, 0, 2, 7, 9], [1, 0, 2, 4, 31]]]","MLPClassifier(activation='logistic', hidden_layer_sizes=100, max_iter=300)"
22,AutoDataset,class5,300,LogisticRegression,931,0.685554232517861,0.6037433155080214,0.6859060402684564,0.6236559139784946,0.011833606518648175,0.061499344350573394,"[0.6895161290322581, 0.6697986577181209, 0.6805369127516778, 0.6859060402684564, 0.702013422818792]","[0.5187165775401069, 0.6236559139784946, 0.6720430107526881, 0.6397849462365591, 0.5645161290322581]","[[[64, 3, 1, 0, 0], [26, 2, 1, 5, 0], [8, 6, 9, 6, 0], [0, 0, 0, 18, 0], [3, 0, 0, 31, 4]], [[62, 5, 0, 0, 0], [27, 3, 2, 0, 1], [14, 8, 8, 0, 0], [0, 0, 0, 5, 13], [0, 0, 0, 0, 38]], [[65, 1, 1, 0, 0], [23, 5, 4, 0, 1], [6, 6, 16, 0, 2], [0, 0, 0, 1, 17], [0, 0, 0, 0, 38]], [[66, 0, 1, 0, 0], [23, 3, 7, 0, 0], [12, 0, 15, 0, 3], [1, 0, 4, 0, 13], [1, 0, 2, 0, 35]], [[64, 2, 1, 0, 1], [27, 0, 6, 0, 0], [21, 1, 7, 0, 0], [0, 0, 2, 0, 16], [2, 0, 2, 0, 34]]]","LogisticRegression(C=0.01, l1_ratio=0.2, max_iter=400, penalty='elasticnet',
                   solver='saga')"
23,AutoDataset,class5,300,KNeighborsClassifier,931,0.7381882802915494,0.5737162900350755,0.7355704697986577,0.6129032258064516,0.010926956618513433,0.07488790304657546,"[0.7513440860215054, 0.723489932885906, 0.7463087248322148, 0.7342281879194631, 0.7355704697986577]","[0.44385026737967914, 0.6129032258064516, 0.6236559139784946, 0.6129032258064516, 0.5752688172043011]","[[[56, 11, 1, 0, 0], [17, 3, 1, 13, 0], [6, 10, 4, 8, 1], [0, 0, 0, 18, 0], [1, 0, 0, 35, 2]], [[57, 9, 1, 0, 0], [23, 7, 3, 0, 0], [10, 11, 8, 0, 1], [0, 0, 1, 6, 11], [0, 0, 0, 2, 36]], [[58, 6, 3, 0, 0], [21, 5, 7, 0, 0], [5, 8, 14, 0, 3], [0, 1, 0, 1, 16], [0, 0, 0, 0, 38]], [[64, 2, 1, 0, 0], [21, 4, 8, 0, 0], [7, 8, 11, 0, 4], [0, 1, 2, 1, 14], [0, 1, 2, 1, 34]], [[64, 3, 1, 0, 0], [25, 5, 3, 0, 0], [16, 9, 4, 0, 0], [0, 1, 2, 0, 15], [1, 1, 2, 0, 34]]]",KNeighborsClassifier()
24,AutoDataset,class5,300,ExtraTreeClassifier,931,0.9975828101320632,0.44473003277557355,0.9973154362416108,0.43548387096774194,0.0017513680235443137,0.04787553429934763,"[0.9959677419354839, 0.9986577181208054, 0.9973154362416108, 0.9959731543624161, 1.0]","[0.40106951871657753, 0.4946236559139785, 0.4946236559139785, 0.3978494623655914, 0.43548387096774194]","[[[42, 11, 13, 2, 0], [12, 8, 1, 13, 0], [6, 8, 5, 8, 2], [0, 1, 1, 15, 1], [2, 6, 3, 22, 5]], [[43, 13, 10, 0, 1], [15, 8, 8, 1, 1], [8, 6, 13, 1, 2], [0, 2, 1, 5, 10], [1, 0, 4, 10, 23]], [[40, 15, 9, 1, 2], [14, 11, 4, 0, 4], [4, 9, 11, 4, 2], [1, 1, 4, 2, 10], [0, 0, 1, 9, 28]], [[39, 20, 7, 1, 0], [18, 4, 10, 0, 1], [8, 6, 8, 2, 6], [0, 5, 3, 1, 9], [2, 4, 2, 8, 22]], [[45, 13, 8, 0, 2], [21, 6, 6, 0, 0], [9, 9, 9, 0, 2], [3, 1, 2, 1, 11], [4, 2, 6, 6, 20]]]",ExtraTreeClassifier()
25,AutoDataset,class5,300,RandomForestClassifier,931,0.9975828101320632,0.6058881030418032,0.9973154362416108,0.6290322580645161,0.0017513680235443137,0.05781332652345802,"[0.9959677419354839, 0.9986577181208054, 0.9973154362416108, 0.9959731543624161, 1.0]","[0.5240641711229946, 0.6290322580645161, 0.6666666666666666, 0.6397849462365591, 0.5698924731182796]","[[[65, 2, 1, 0, 0], [19, 3, 6, 6, 0], [6, 6, 10, 7, 0], [0, 0, 0, 18, 0], [0, 0, 1, 35, 2]], [[58, 6, 2, 0, 1], [24, 6, 3, 0, 0], [13, 6, 11, 0, 0], [0, 0, 0, 4, 14], [0, 0, 0, 0, 38]], [[58, 2, 6, 0, 1], [21, 3, 8, 0, 1], [3, 2, 23, 0, 2], [0, 0, 0, 2, 16], [0, 0, 0, 0, 38]], [[63, 2, 2, 0, 0], [22, 3, 8, 0, 0], [6, 3, 17, 0, 4], [1, 0, 3, 0, 14], [0, 0, 2, 0, 36]], [[61, 4, 3, 0, 0], [28, 1, 4, 0, 0], [15, 3, 11, 0, 0], [0, 0, 2, 0, 16], [1, 2, 1, 1, 33]]]",RandomForestClassifier()
26,AutoDataset,class5,300,LinearSVC,931,0.9970458973803854,0.5736990397331954,0.9959731543624161,0.5860215053763441,0.0017509531556768748,0.08619357588982855,"[0.9959677419354839, 0.9973154362416108, 0.9959731543624161, 0.9959731543624161, 1.0]","[0.45989304812834225, 0.5967741935483871, 0.6935483870967742, 0.5860215053763441, 0.532258064516129]","[[[45, 16, 6, 0, 1], [18, 2, 5, 9, 0], [5, 3, 12, 8, 1], [0, 0, 1, 17, 0], [2, 0, 1, 25, 10]], [[49, 13, 5, 0, 0], [16, 7, 9, 1, 0], [5, 11, 13, 1, 0], [0, 1, 0, 8, 9], [1, 0, 0, 3, 34]], [[59, 3, 5, 0, 0], [11, 8, 13, 0, 1], [2, 6, 21, 0, 1], [0, 1, 0, 7, 10], [0, 0, 0, 4, 34]], [[61, 4, 2, 0, 0], [17, 6, 10, 0, 0], [7, 7, 12, 3, 1], [0, 1, 5, 6, 6], [0, 0, 1, 13, 24]], [[52, 10, 6, 0, 0], [23, 3, 7, 0, 0], [8, 7, 13, 1, 0], [1, 1, 2, 5, 9], [2, 1, 4, 5, 26]]]",LinearSVC()
27,AutoDataset,class5,300,AdaBoostClassifier,931,0.6127726059031536,0.49742970501983785,0.6228187919463087,0.532258064516129,0.03887378503229661,0.0783095747161414,"[0.5779569892473119, 0.6429530201342282, 0.6228187919463087, 0.5664429530201343, 0.6536912751677852]","[0.39037433155080214, 0.5483870967741935, 0.5752688172043011, 0.532258064516129, 0.44086021505376344]","[[[25, 35, 8, 0, 0], [5, 12, 15, 2, 0], [2, 6, 20, 1, 0], [1, 0, 2, 15, 0], [2, 0, 9, 26, 1]], [[48, 14, 4, 0, 1], [13, 11, 8, 0, 1], [5, 11, 14, 0, 0], [0, 1, 7, 4, 6], [0, 0, 2, 11, 25]], [[50, 12, 5, 0, 0], [12, 10, 11, 0, 0], [4, 5, 19, 1, 1], [0, 0, 2, 8, 8], [0, 0, 2, 16, 20]], [[55, 4, 8, 0, 0], [12, 9, 12, 0, 0], [7, 7, 16, 0, 0], [1, 2, 8, 4, 3], [2, 2, 5, 14, 15]], [[43, 9, 16, 0, 0], [17, 7, 9, 0, 0], [10, 7, 11, 1, 0], [0, 0, 7, 4, 7], [0, 0, 16, 5, 17]]]",AdaBoostClassifier(n_estimators=100)
28,AutoDataset,class5,300,GradientBoostingClassifier,931,0.9975828101320632,0.6069691219596343,0.9973154362416108,0.6236559139784946,0.0017513680235443137,0.06621935129382758,"[0.9959677419354839, 0.9986577181208054, 0.9973154362416108, 0.9959731543624161, 1.0]","[0.5187165775401069, 0.6236559139784946, 0.6720430107526881, 0.6612903225806451, 0.5591397849462365]","[[[58, 9, 1, 0, 0], [20, 4, 3, 7, 0], [6, 3, 14, 6, 0], [0, 0, 0, 17, 1], [2, 0, 1, 31, 4]], [[54, 8, 4, 0, 1], [18, 7, 8, 0, 0], [8, 8, 14, 0, 0], [0, 1, 0, 5, 12], [0, 0, 0, 2, 36]], [[59, 5, 3, 0, 0], [13, 7, 11, 0, 2], [2, 4, 22, 1, 1], [0, 0, 1, 1, 16], [0, 0, 0, 2, 36]], [[61, 4, 2, 0, 0], [17, 7, 9, 0, 0], [6, 5, 18, 1, 0], [1, 0, 6, 1, 10], [0, 0, 2, 0, 36]], [[60, 7, 1, 0, 0], [23, 7, 3, 0, 0], [12, 7, 10, 0, 0], [1, 1, 2, 0, 14], [3, 0, 8, 0, 27]]]",GradientBoostingClassifier()
29,AutoDataset,class5,300,VotingClassifier,931,0.9975828101320632,0.597331953309183,0.9973154362416108,0.6129032258064516,0.0017513680235443137,0.07862118443045854,"[0.9959677419354839, 0.9986577181208054, 0.9973154362416108, 0.9959731543624161, 1.0]","[0.48128342245989303, 0.6129032258064516, 0.6935483870967742, 0.6290322580645161, 0.5698924731182796]","[[[50, 15, 3, 0, 0], [24, 2, 2, 6, 0], [4, 3, 14, 8, 0], [0, 0, 0, 18, 0], [1, 0, 0, 31, 6]], [[53, 13, 1, 0, 0], [22, 5, 6, 0, 0], [7, 10, 13, 0, 0], [0, 0, 0, 9, 9], [1, 0, 0, 3, 34]], [[59, 6, 2, 0, 0], [16, 6, 10, 0, 1], [3, 4, 23, 0, 0], [0, 0, 0, 5, 13], [0, 0, 0, 2, 36]], [[62, 4, 1, 0, 0], [18, 4, 11, 0, 0], [7, 4, 17, 0, 2], [0, 1, 5, 2, 10], [0, 0, 1, 5, 32]], [[57, 7, 4, 0, 0], [26, 1, 6, 0, 0], [11, 5, 13, 0, 0], [0, 2, 3, 4, 9], [2, 0, 2, 3, 31]]]","VotingClassifier(estimators=[('mlp',
                              MLPClassifier(activation='logistic',
                                            hidden_layer_sizes=100,
                                            max_iter=300)),
                             ('svc', LinearSVC()),
                             ('rfc', RandomForestClassifier())])"
30,AutoDataset,class5,400,GaussianNB,931,0.6681060114021794,0.5855269967224426,0.6590604026845638,0.6236559139784946,0.021503214609591936,0.09363657170620883,"[0.6948924731182796, 0.6510067114093959, 0.6483221476510067, 0.6590604026845638, 0.687248322147651]","[0.45989304812834225, 0.6827956989247311, 0.6451612903225806, 0.6236559139784946, 0.5161290322580645]","[[[47, 17, 3, 1, 0], [8, 3, 10, 13, 0], [2, 3, 18, 6, 0], [0, 0, 0, 18, 0], [0, 0, 1, 37, 0]], [[56, 7, 3, 0, 1], [22, 5, 6, 0, 0], [10, 3, 16, 1, 0], [0, 0, 0, 18, 0], [0, 0, 0, 6, 32]], [[55, 1, 10, 0, 1], [14, 5, 13, 0, 1], [3, 3, 17, 1, 6], [0, 0, 0, 6, 12], [0, 0, 0, 1, 37]], [[58, 7, 2, 0, 0], [16, 5, 11, 0, 1], [6, 2, 17, 0, 5], [0, 0, 5, 0, 13], [0, 0, 2, 0, 36]], [[51, 13, 4, 0, 0], [21, 3, 9, 0, 0], [15, 5, 9, 0, 0], [0, 0, 2, 0, 16], [0, 0, 5, 0, 33]]]",GaussianNB()
31,AutoDataset,class5,400,MLPClassifier,931,0.9975828101320632,0.6231326548214594,0.9973154362416108,0.6451612903225806,0.0017513680235443137,0.0855379976151345,"[0.9959677419354839, 0.9986577181208054, 0.9973154362416108, 0.9959731543624161, 1.0]","[0.48663101604278075, 0.6075268817204301, 0.7150537634408602, 0.6612903225806451, 0.6451612903225806]","[[[48, 16, 4, 0, 0], [23, 3, 6, 2, 0], [6, 2, 16, 5, 0], [0, 0, 0, 18, 0], [0, 1, 0, 31, 6]], [[46, 19, 1, 0, 1], [17, 7, 9, 0, 0], [4, 9, 16, 0, 1], [0, 0, 0, 11, 7], [0, 1, 0, 4, 33]], [[56, 8, 2, 0, 1], [10, 11, 11, 0, 1], [0, 5, 25, 0, 0], [0, 0, 0, 5, 13], [0, 0, 0, 2, 36]], [[63, 3, 1, 0, 0], [15, 8, 10, 0, 0], [4, 5, 18, 1, 2], [1, 1, 4, 3, 9], [0, 0, 1, 6, 31]], [[57, 7, 4, 0, 0], [24, 4, 5, 0, 0], [3, 7, 18, 1, 0], [0, 0, 2, 7, 9], [1, 0, 1, 2, 34]]]","MLPClassifier(activation='logistic', hidden_layer_sizes=100, max_iter=300)"
32,AutoDataset,class5,400,LogisticRegression,931,0.6898502561882082,0.6015985279742395,0.6912751677852349,0.6290322580645161,0.012463081967343964,0.0595439904806398,"[0.6922043010752689, 0.6778523489932886, 0.6791946308724832, 0.6912751677852349, 0.7087248322147651]","[0.5133689839572193, 0.6290322580645161, 0.6612903225806451, 0.6344086021505376, 0.5698924731182796]","[[[64, 3, 1, 0, 0], [24, 2, 2, 6, 0], [8, 7, 8, 6, 0], [0, 0, 0, 18, 0], [3, 0, 0, 31, 4]], [[62, 5, 0, 0, 0], [27, 3, 3, 0, 0], [13, 8, 9, 0, 0], [0, 0, 0, 5, 13], [0, 0, 0, 0, 38]], [[65, 1, 1, 0, 0], [23, 4, 5, 0, 1], [6, 7, 15, 0, 2], [0, 0, 0, 1, 17], [0, 0, 0, 0, 38]], [[66, 0, 1, 0, 0], [23, 2, 8, 0, 0], [12, 0, 15, 0, 3], [1, 0, 4, 0, 13], [1, 0, 2, 0, 35]], [[64, 3, 1, 0, 0], [27, 1, 5, 0, 0], [20, 2, 7, 0, 0], [0, 0, 2, 0, 16], [2, 0, 2, 0, 34]]]","LogisticRegression(C=0.01, l1_ratio=0.2, max_iter=400, penalty='elasticnet',
                   solver='saga')"
33,AutoDataset,class5,400,KNeighborsClassifier,931,0.7376535325106444,0.575895578172618,0.7395973154362416,0.6129032258064516,0.014352924630283488,0.08977442409953588,"[0.7594086021505376, 0.7221476510067114, 0.7395973154362416, 0.72751677852349, 0.7395973154362416]","[0.41711229946524064, 0.6182795698924731, 0.6129032258064516, 0.6344086021505376, 0.5967741935483871]","[[[52, 14, 2, 0, 0], [17, 3, 1, 13, 0], [6, 10, 5, 7, 1], [0, 0, 0, 18, 0], [1, 0, 0, 37, 0]], [[56, 7, 3, 0, 1], [23, 6, 4, 0, 0], [12, 8, 10, 0, 0], [0, 0, 0, 7, 11], [0, 0, 0, 2, 36]], [[56, 9, 2, 0, 0], [22, 6, 5, 0, 0], [5, 8, 14, 0, 3], [0, 1, 0, 0, 17], [0, 0, 0, 0, 38]], [[64, 1, 2, 0, 0], [20, 6, 7, 0, 0], [7, 7, 12, 0, 4], [0, 1, 2, 1, 14], [0, 1, 1, 1, 35]], [[64, 0, 4, 0, 0], [25, 5, 3, 0, 0], [15, 6, 8, 0, 0], [0, 1, 2, 0, 15], [2, 0, 1, 1, 34]]]",KNeighborsClassifier()
34,AutoDataset,class5,400,ExtraTreeClassifier,931,0.9975828101320632,0.4726697717210051,0.9973154362416108,0.478494623655914,0.0017513680235443137,0.04371743309342578,"[0.9959677419354839, 0.9986577181208054, 0.9973154362416108, 0.9959731543624161, 1.0]","[0.41711229946524064, 0.478494623655914, 0.44623655913978494, 0.532258064516129, 0.489247311827957]","[[[37, 17, 13, 1, 0], [6, 11, 8, 9, 0], [2, 7, 12, 5, 3], [0, 0, 1, 9, 8], [1, 4, 3, 21, 9]], [[42, 15, 8, 0, 2], [17, 6, 7, 1, 2], [14, 5, 10, 0, 1], [1, 4, 0, 5, 8], [1, 1, 1, 9, 26]], [[37, 19, 7, 2, 2], [15, 6, 11, 0, 1], [6, 6, 10, 1, 7], [0, 1, 1, 4, 12], [3, 0, 3, 6, 26]], [[52, 11, 2, 0, 2], [14, 8, 6, 3, 2], [5, 8, 14, 1, 2], [2, 1, 4, 3, 8], [2, 2, 7, 5, 22]], [[37, 15, 13, 0, 3], [13, 9, 9, 2, 0], [8, 7, 14, 0, 0], [0, 1, 5, 4, 8], [2, 1, 2, 6, 27]]]",ExtraTreeClassifier()
35,AutoDataset,class5,400,RandomForestClassifier,931,0.9975828101320632,0.6048070841239721,0.9973154362416108,0.6236559139784946,0.0017513680235443137,0.052389998772878206,"[0.9959677419354839, 0.9986577181208054, 0.9973154362416108, 0.9959731543624161, 1.0]","[0.5294117647058824, 0.6236559139784946, 0.6612903225806451, 0.6344086021505376, 0.5752688172043011]","[[[60, 6, 2, 0, 0], [17, 8, 3, 6, 0], [6, 4, 12, 7, 0], [0, 0, 0, 18, 0], [0, 0, 1, 36, 1]], [[60, 3, 3, 0, 1], [27, 1, 5, 0, 0], [13, 5, 12, 0, 0], [0, 0, 0, 5, 13], [0, 0, 0, 0, 38]], [[59, 3, 5, 0, 0], [22, 1, 9, 0, 1], [3, 2, 23, 1, 1], [0, 0, 0, 2, 16], [0, 0, 0, 0, 38]], [[63, 2, 2, 0, 0], [22, 0, 11, 0, 0], [5, 5, 19, 0, 1], [0, 0, 5, 0, 13], [0, 0, 2, 0, 36]], [[60, 6, 2, 0, 0], [24, 3, 6, 0, 0], [15, 4, 10, 0, 0], [0, 0, 2, 0, 16], [2, 0, 1, 1, 34]]]",RandomForestClassifier()
36,AutoDataset,class5,400,LinearSVC,931,0.9970458973803854,0.5650911390949341,0.9959731543624161,0.5860215053763441,0.0017509531556768748,0.08542754951449408,"[0.9959677419354839, 0.9973154362416108, 0.9959731543624161, 0.9959731543624161, 1.0]","[0.46524064171123, 0.5913978494623656, 0.6827956989247311, 0.5860215053763441, 0.5]","[[[46, 15, 7, 0, 0], [22, 1, 4, 7, 0], [5, 5, 12, 7, 0], [0, 0, 0, 18, 0], [1, 0, 1, 26, 10]], [[45, 18, 4, 0, 0], [14, 10, 8, 0, 1], [4, 11, 15, 0, 0], [0, 1, 0, 7, 10], [0, 1, 1, 3, 33]], [[56, 7, 2, 1, 1], [10, 11, 12, 0, 0], [3, 6, 21, 0, 0], [0, 0, 1, 8, 9], [0, 3, 0, 4, 31]], [[57, 4, 6, 0, 0], [15, 7, 10, 1, 0], [5, 8, 13, 2, 2], [0, 1, 5, 6, 6], [0, 0, 1, 11, 26]], [[51, 13, 3, 1, 0], [26, 0, 5, 1, 1], [6, 8, 14, 1, 0], [1, 1, 3, 3, 10], [2, 0, 6, 5, 25]]]",LinearSVC()
37,AutoDataset,class5,400,AdaBoostClassifier,931,0.6348001010319694,0.5338738427922489,0.6303763440860215,0.5698924731182796,0.03934241147749358,0.06268478534368492,"[0.6303763440860215, 0.6510067114093959, 0.6228187919463087, 0.5812080536912752, 0.6885906040268457]","[0.49732620320855614, 0.5752688172043011, 0.5860215053763441, 0.5698924731182796, 0.44086021505376344]","[[[43, 17, 8, 0, 0], [12, 6, 15, 1, 0], [2, 3, 22, 2, 0], [0, 0, 0, 18, 0], [0, 1, 2, 31, 4]], [[46, 13, 8, 0, 0], [18, 9, 6, 0, 0], [10, 5, 15, 0, 0], [0, 2, 6, 1, 9], [1, 0, 0, 1, 36]], [[53, 5, 9, 0, 0], [13, 3, 17, 0, 0], [2, 3, 25, 0, 0], [0, 0, 2, 3, 13], [0, 0, 1, 12, 25]], [[58, 8, 0, 0, 1], [13, 12, 8, 0, 0], [5, 8, 14, 0, 3], [0, 5, 5, 5, 3], [0, 6, 4, 11, 17]], [[50, 11, 7, 0, 0], [21, 3, 9, 0, 0], [11, 8, 10, 0, 0], [1, 0, 6, 4, 7], [2, 0, 10, 11, 15]]]",AdaBoostClassifier(n_estimators=100)
38,AutoDataset,class5,400,GradientBoostingClassifier,931,0.9975828101320632,0.610223678914381,0.9973154362416108,0.6290322580645161,0.0017513680235443137,0.07784786161961896,"[0.9959677419354839, 0.9986577181208054, 0.9973154362416108, 0.9959731543624161, 1.0]","[0.4919786096256685, 0.6290322580645161, 0.6935483870967742, 0.6559139784946236, 0.5806451612903226]","[[[52, 11, 5, 0, 0], [19, 4, 3, 8, 0], [4, 6, 16, 3, 0], [0, 0, 0, 18, 0], [3, 0, 1, 32, 2]], [[51, 9, 5, 1, 1], [17, 8, 8, 0, 0], [7, 10, 13, 0, 0], [0, 1, 0, 7, 10], [0, 0, 0, 0, 38]], [[59, 5, 3, 0, 0], [12, 7, 12, 0, 2], [0, 6, 23, 1, 0], [0, 0, 0, 3, 15], [0, 0, 0, 1, 37]], [[61, 5, 1, 0, 0], [18, 7, 8, 0, 0], [6, 2, 20, 1, 1], [1, 0, 6, 0, 11], [0, 0, 2, 2, 34]], [[60, 6, 2, 0, 0], [22, 6, 5, 0, 0], [11, 7, 11, 0, 0], [1, 0, 2, 1, 14], [2, 0, 6, 0, 30]]]",GradientBoostingClassifier()
39,AutoDataset,class5,400,VotingClassifier,931,0.9975828101320632,0.6059283537461906,0.9973154362416108,0.6182795698924731,0.0017513680235443137,0.0785666998634747,"[0.9959677419354839, 0.9986577181208054, 0.9973154362416108, 0.9959731543624161, 1.0]","[0.48663101604278075, 0.6182795698924731, 0.6935483870967742, 0.6505376344086021, 0.5806451612903226]","[[[49, 15, 4, 0, 0], [22, 2, 3, 7, 0], [4, 2, 15, 8, 0], [0, 0, 0, 18, 0], [0, 1, 0, 30, 7]], [[52, 13, 2, 0, 0], [20, 7, 6, 0, 0], [9, 9, 12, 0, 0], [0, 0, 0, 10, 8], [0, 1, 0, 3, 34]], [[60, 5, 1, 0, 1], [15, 7, 10, 0, 1], [3, 4, 23, 0, 0], [0, 0, 0, 4, 14], [0, 1, 0, 2, 35]], [[64, 2, 1, 0, 0], [17, 6, 10, 0, 0], [6, 4, 17, 1, 2], [0, 1, 4, 3, 10], [0, 0, 1, 6, 31]], [[60, 5, 3, 0, 0], [28, 1, 4, 0, 0], [7, 8, 13, 1, 0], [0, 1, 4, 2, 11], [1, 0, 2, 3, 32]]]","VotingClassifier(estimators=[('mlp',
                              MLPClassifier(activation='logistic',
                                            hidden_layer_sizes=100,
                                            max_iter=300)),
                             ('svc', LinearSVC()),
                             ('rfc', RandomForestClassifier())])"
40,AutoDataset,class5,500,GaussianNB,931,0.6673020855885111,0.5780288655051463,0.6563758389261745,0.6182795698924731,0.02289766475812682,0.1046798475497961,"[0.7002688172043011, 0.6510067114093959, 0.6469798657718121, 0.6563758389261745, 0.6818791946308724]","[0.43315508021390375, 0.6774193548387096, 0.6559139784946236, 0.6182795698924731, 0.5053763440860215]","[[[44, 20, 3, 1, 0], [9, 3, 9, 13, 0], [2, 3, 16, 8, 0], [0, 0, 0, 18, 0], [0, 0, 1, 37, 0]], [[54, 8, 3, 0, 2], [22, 5, 6, 0, 0], [10, 3, 17, 0, 0], [0, 0, 0, 18, 0], [0, 0, 0, 6, 32]], [[55, 1, 10, 0, 1], [14, 5, 13, 0, 1], [1, 4, 19, 1, 5], [0, 0, 0, 6, 12], [0, 0, 0, 1, 37]], [[58, 6, 3, 0, 0], [17, 5, 10, 0, 1], [7, 2, 16, 0, 5], [0, 0, 5, 0, 13], [0, 0, 2, 0, 36]], [[50, 13, 5, 0, 0], [21, 2, 10, 0, 0], [15, 5, 9, 0, 0], [0, 0, 2, 0, 16], [0, 0, 5, 0, 33]]]",GaussianNB()
41,AutoDataset,class5,500,MLPClassifier,931,0.9975828101320632,0.6177620608360647,0.9973154362416108,0.6290322580645161,0.0017513680235443137,0.08286590542613519,"[0.9959677419354839, 0.9986577181208054, 0.9973154362416108, 0.9959731543624161, 1.0]","[0.48128342245989303, 0.6129032258064516, 0.6935483870967742, 0.6720430107526881, 0.6290322580645161]","[[[48, 17, 3, 0, 0], [20, 4, 6, 4, 0], [4, 3, 16, 6, 0], [0, 0, 0, 18, 0], [0, 1, 0, 33, 4]], [[47, 17, 2, 0, 1], [15, 8, 10, 0, 0], [5, 8, 16, 0, 1], [0, 0, 0, 10, 8], [0, 0, 0, 5, 33]], [[57, 8, 1, 0, 1], [12, 10, 10, 0, 1], [0, 5, 22, 1, 2], [0, 0, 0, 5, 13], [0, 0, 0, 3, 35]], [[63, 3, 1, 0, 0], [16, 7, 10, 0, 0], [4, 4, 18, 1, 3], [0, 0, 5, 4, 9], [0, 0, 1, 4, 33]], [[59, 5, 4, 0, 0], [24, 4, 5, 0, 0], [5, 6, 16, 2, 0], [0, 0, 1, 7, 10], [1, 0, 4, 2, 31]]]","MLPClassifier(activation='logistic', hidden_layer_sizes=100, max_iter=300)"
42,AutoDataset,class5,500,LogisticRegression,931,0.6898513386735947,0.5994537404404576,0.687248322147651,0.6290322580645161,0.012927717808685455,0.06225151661267515,"[0.696236559139785, 0.676510067114094, 0.6805369127516778, 0.687248322147651, 0.7087248322147651]","[0.5080213903743316, 0.6290322580645161, 0.6612903225806451, 0.6344086021505376, 0.5645161290322581]","[[[63, 4, 1, 0, 0], [24, 2, 2, 6, 0], [8, 7, 8, 6, 0], [0, 0, 0, 18, 0], [3, 0, 0, 31, 4]], [[62, 5, 0, 0, 0], [27, 3, 3, 0, 0], [13, 8, 9, 0, 0], [0, 0, 0, 5, 13], [0, 0, 0, 0, 38]], [[65, 1, 1, 0, 0], [22, 4, 6, 0, 1], [6, 7, 15, 0, 2], [0, 0, 0, 1, 17], [0, 0, 0, 0, 38]], [[66, 0, 1, 0, 0], [23, 3, 7, 0, 0], [12, 0, 14, 0, 4], [1, 0, 4, 0, 13], [1, 0, 2, 0, 35]], [[64, 3, 1, 0, 0], [27, 0, 6, 0, 0], [19, 3, 7, 0, 0], [0, 0, 2, 0, 16], [2, 0, 2, 0, 34]]]","LogisticRegression(C=0.01, l1_ratio=0.2, max_iter=400, penalty='elasticnet',
                   solver='saga')"
43,AutoDataset,class5,500,KNeighborsClassifier,931,0.7304059320199177,0.5651313897993215,0.7288590604026846,0.5913978494623656,0.021175757892297056,0.07756240111058119,"[0.7620967741935484, 0.7181208053691275, 0.7060402684563758, 0.7288590604026846, 0.7369127516778523]","[0.42780748663101603, 0.6129032258064516, 0.5913978494623656, 0.6075268817204301, 0.5860215053763441]","[[[53, 12, 3, 0, 0], [18, 3, 1, 12, 0], [5, 11, 6, 7, 0], [0, 0, 0, 18, 0], [1, 0, 0, 37, 0]], [[55, 9, 2, 0, 1], [23, 6, 4, 0, 0], [10, 10, 10, 0, 0], [0, 1, 0, 7, 10], [0, 0, 0, 2, 36]], [[55, 9, 3, 0, 0], [23, 4, 6, 0, 0], [9, 8, 11, 0, 2], [0, 1, 0, 2, 15], [0, 0, 0, 0, 38]], [[63, 3, 1, 0, 0], [21, 5, 7, 0, 0], [9, 7, 11, 0, 3], [0, 0, 3, 0, 15], [0, 1, 1, 2, 34]], [[63, 3, 2, 0, 0], [26, 4, 3, 0, 0], [17, 5, 7, 0, 0], [0, 2, 1, 1, 14], [1, 0, 2, 1, 34]]]",KNeighborsClassifier()
44,AutoDataset,class5,500,ExtraTreeClassifier,931,0.9975828101320632,0.44146972572020016,0.9973154362416108,0.43548387096774194,0.0017513680235443137,0.020820698709776913,"[0.9959677419354839, 0.9986577181208054, 0.9973154362416108, 0.9959731543624161, 1.0]","[0.43315508021390375, 0.43548387096774194, 0.46236559139784944, 0.46236559139784944, 0.41397849462365593]","[[[38, 25, 4, 1, 0], [12, 12, 4, 5, 1], [7, 7, 8, 7, 0], [1, 0, 2, 15, 0], [3, 1, 0, 26, 8]], [[40, 12, 10, 1, 4], [19, 4, 4, 3, 3], [14, 5, 11, 0, 0], [0, 2, 3, 6, 7], [3, 0, 5, 10, 20]], [[42, 15, 7, 1, 2], [17, 7, 6, 2, 1], [8, 9, 5, 3, 5], [0, 2, 2, 2, 12], [2, 1, 2, 3, 30]], [[45, 13, 8, 1, 0], [19, 5, 8, 0, 1], [15, 5, 4, 2, 4], [3, 3, 2, 3, 7], [1, 1, 4, 3, 29]], [[41, 15, 7, 5, 0], [16, 8, 4, 1, 4], [11, 5, 7, 6, 0], [1, 2, 4, 0, 11], [5, 4, 3, 5, 21]]]",ExtraTreeClassifier()
45,AutoDataset,class5,500,RandomForestClassifier,931,0.9975828101320632,0.6080328905755851,0.9973154362416108,0.6290322580645161,0.0017513680235443137,0.06059186986218663,"[0.9959677419354839, 0.9986577181208054, 0.9973154362416108, 0.9959731543624161, 1.0]","[0.5294117647058824, 0.6612903225806451, 0.6612903225806451, 0.6290322580645161, 0.5591397849462365]","[[[62, 2, 4, 0, 0], [20, 3, 3, 8, 0], [4, 4, 15, 6, 0], [0, 0, 0, 18, 0], [0, 0, 1, 36, 1]], [[59, 4, 2, 0, 2], [24, 5, 4, 0, 0], [11, 4, 15, 0, 0], [0, 0, 0, 6, 12], [0, 0, 0, 0, 38]], [[60, 3, 4, 0, 0], [20, 1, 11, 0, 1], [3, 2, 22, 1, 2], [0, 0, 0, 2, 16], [0, 0, 0, 0, 38]], [[63, 1, 3, 0, 0], [22, 2, 9, 0, 0], [8, 4, 16, 0, 2], [0, 1, 2, 0, 15], [0, 0, 2, 0, 36]], [[62, 5, 1, 0, 0], [28, 1, 4, 0, 0], [18, 4, 7, 0, 0], [0, 0, 1, 1, 16], [2, 0, 2, 1, 33]]]",RandomForestClassifier()
46,AutoDataset,class5,500,LinearSVC,931,0.9975828101320632,0.570484733482836,0.9973154362416108,0.5645161290322581,0.0017513680235443137,0.09103762853477908,"[0.9959677419354839, 0.9986577181208054, 0.9973154362416108, 0.9959731543624161, 1.0]","[0.44919786096256686, 0.5645161290322581, 0.6935483870967742, 0.6129032258064516, 0.532258064516129]","[[[41, 21, 6, 0, 0], [20, 5, 4, 5, 0], [3, 6, 11, 8, 1], [0, 0, 0, 18, 0], [1, 0, 1, 27, 9]], [[44, 19, 4, 0, 0], [13, 8, 11, 0, 1], [4, 13, 13, 0, 0], [0, 1, 0, 7, 10], [0, 1, 1, 3, 33]], [[56, 9, 2, 0, 0], [9, 12, 11, 0, 1], [4, 5, 21, 0, 0], [0, 1, 1, 6, 10], [0, 0, 0, 4, 34]], [[57, 4, 6, 0, 0], [14, 9, 9, 1, 0], [2, 10, 14, 2, 2], [0, 1, 4, 6, 7], [0, 0, 1, 9, 28]], [[53, 10, 3, 2, 0], [25, 2, 6, 0, 0], [8, 4, 15, 1, 1], [1, 2, 3, 3, 9], [2, 0, 6, 4, 26]]]",LinearSVC()
47,AutoDataset,class5,500,AdaBoostClassifier,931,0.6444735512737245,0.5069806221608879,0.6416107382550336,0.521505376344086,0.024867959868974335,0.06467257258216502,"[0.6639784946236559, 0.6697986577181209, 0.640268456375839, 0.6067114093959731, 0.6416107382550336]","[0.5080213903743316, 0.543010752688172, 0.521505376344086, 0.5645161290322581, 0.3978494623655914]","[[[44, 18, 6, 0, 0], [10, 8, 11, 5, 0], [3, 5, 19, 2, 0], [0, 0, 1, 12, 5], [1, 0, 6, 19, 12]], [[46, 11, 9, 0, 1], [13, 13, 7, 0, 0], [5, 7, 17, 1, 0], [0, 0, 4, 5, 9], [0, 0, 0, 18, 20]], [[43, 9, 15, 0, 0], [13, 8, 12, 0, 0], [0, 11, 19, 0, 0], [0, 0, 2, 3, 13], [0, 0, 1, 13, 24]], [[51, 8, 8, 0, 0], [12, 10, 11, 0, 0], [5, 5, 20, 0, 0], [0, 0, 11, 3, 4], [0, 0, 11, 6, 21]], [[34, 23, 11, 0, 0], [14, 7, 12, 0, 0], [9, 8, 11, 1, 0], [0, 0, 6, 5, 7], [1, 1, 11, 8, 17]]]",AdaBoostClassifier(n_estimators=100)
48,AutoDataset,class5,500,GradientBoostingClassifier,931,0.9975828101320632,0.6166522914150997,0.9973154362416108,0.6344086021505376,0.0017513680235443137,0.07204669746463489,"[0.9959677419354839, 0.9986577181208054, 0.9973154362416108, 0.9959731543624161, 1.0]","[0.5133689839572193, 0.6774193548387096, 0.6827956989247311, 0.6344086021505376, 0.5752688172043011]","[[[54, 10, 4, 0, 0], [21, 3, 5, 5, 0], [5, 5, 17, 2, 0], [0, 0, 0, 18, 0], [2, 1, 1, 30, 4]], [[55, 8, 3, 1, 0], [16, 9, 8, 0, 0], [6, 8, 16, 0, 0], [0, 1, 1, 8, 8], [0, 0, 0, 0, 38]], [[61, 3, 3, 0, 0], [14, 5, 13, 0, 1], [1, 7, 20, 1, 1], [0, 0, 0, 4, 14], [0, 0, 0, 1, 37]], [[60, 4, 3, 0, 0], [17, 5, 11, 0, 0], [8, 2, 20, 0, 0], [1, 0, 6, 0, 11], [1, 0, 3, 1, 33]], [[59, 6, 3, 0, 0], [22, 4, 7, 0, 0], [8, 7, 14, 0, 0], [0, 0, 4, 0, 14], [2, 0, 6, 0, 30]]]",GradientBoostingClassifier()
49,AutoDataset,class5,500,VotingClassifier,931,0.9975828101320632,0.6059398539474441,0.9973154362416108,0.6290322580645161,0.0017513680235443137,0.08448030297376269,"[0.9959677419354839, 0.9986577181208054, 0.9973154362416108, 0.9959731543624161, 1.0]","[0.47593582887700536, 0.6290322580645161, 0.6935483870967742, 0.6559139784946236, 0.5752688172043011]","[[[51, 14, 3, 0, 0], [22, 3, 3, 6, 0], [5, 4, 13, 7, 0], [0, 0, 0, 18, 0], [0, 0, 0, 34, 4]], [[52, 13, 2, 0, 0], [17, 9, 7, 0, 0], [8, 8, 14, 0, 0], [0, 1, 0, 8, 9], [0, 1, 0, 3, 34]], [[59, 6, 1, 0, 1], [16, 7, 9, 0, 1], [4, 3, 23, 0, 0], [0, 0, 0, 5, 13], [0, 0, 0, 3, 35]], [[63, 3, 1, 0, 0], [18, 6, 9, 0, 0], [4, 8, 16, 1, 1], [0, 1, 4, 3, 10], [0, 0, 1, 3, 34]], [[58, 6, 4, 0, 0], [27, 2, 4, 0, 0], [11, 4, 14, 0, 0], [0, 2, 3, 2, 11], [2, 0, 3, 2, 31]]]","VotingClassifier(estimators=[('mlp',
                              MLPClassifier(activation='logistic',
                                            hidden_layer_sizes=100,
                                            max_iter=300)),
                             ('svc', LinearSVC()),
                             ('rfc', RandomForestClassifier())])"
50,AutoDataset,class5,600,GaussianNB,931,0.671062278992567,0.5812489218561324,0.6577181208053692,0.6290322580645161,0.023635656366571497,0.10596757035410015,"[0.706989247311828, 0.6563758389261745, 0.6510067114093959, 0.6577181208053692, 0.6832214765100671]","[0.4385026737967914, 0.6774193548387096, 0.6612903225806451, 0.6290322580645161, 0.5]","[[[45, 19, 4, 0, 0], [13, 3, 3, 15, 0], [2, 3, 16, 8, 0], [0, 0, 0, 18, 0], [0, 0, 1, 37, 0]], [[54, 7, 4, 0, 2], [22, 5, 6, 0, 0], [10, 4, 16, 0, 0], [0, 0, 0, 18, 0], [0, 0, 0, 5, 33]], [[55, 1, 10, 0, 1], [13, 6, 13, 0, 1], [1, 4, 19, 1, 5], [0, 0, 0, 6, 12], [0, 0, 0, 1, 37]], [[59, 5, 3, 0, 0], [16, 5, 11, 0, 1], [7, 2, 17, 0, 4], [0, 0, 5, 0, 13], [0, 0, 2, 0, 36]], [[49, 14, 5, 0, 0], [21, 1, 10, 1, 0], [15, 4, 10, 0, 0], [0, 0, 3, 0, 15], [0, 0, 5, 0, 33]]]",GaussianNB()
51,AutoDataset,class5,600,MLPClassifier,931,0.9975828101320632,0.6156057731010293,0.9973154362416108,0.6182795698924731,0.0017513680235443137,0.0829578094473108,"[0.9959677419354839, 0.9986577181208054, 0.9973154362416108, 0.9959731543624161, 1.0]","[0.48663101604278075, 0.5967741935483871, 0.6881720430107527, 0.6881720430107527, 0.6182795698924731]","[[[47, 18, 3, 0, 0], [18, 3, 9, 4, 0], [3, 4, 17, 5, 0], [0, 0, 0, 18, 0], [0, 1, 0, 31, 6]], [[50, 15, 2, 0, 0], [15, 6, 12, 0, 0], [5, 9, 15, 0, 1], [0, 0, 1, 7, 10], [0, 0, 0, 5, 33]], [[56, 9, 1, 0, 1], [11, 9, 12, 0, 1], [1, 4, 24, 1, 0], [0, 0, 0, 5, 13], [0, 0, 0, 4, 34]], [[63, 2, 2, 0, 0], [15, 7, 11, 0, 0], [1, 5, 20, 1, 3], [1, 1, 3, 4, 9], [0, 0, 1, 3, 34]], [[58, 6, 4, 0, 0], [24, 5, 4, 0, 0], [4, 8, 15, 2, 0], [0, 0, 1, 7, 10], [1, 0, 3, 4, 30]]]","MLPClassifier(activation='logistic', hidden_layer_sizes=100, max_iter=300)"
52,AutoDataset,class5,600,LogisticRegression,931,0.6909248033484882,0.5973032028060491,0.6899328859060403,0.6236559139784946,0.0110059294269263,0.06312720678580559,"[0.6948924731182796, 0.6791946308724832, 0.6832214765100671, 0.6899328859060403, 0.7073825503355705]","[0.5080213903743316, 0.6290322580645161, 0.6666666666666666, 0.6236559139784946, 0.5591397849462365]","[[[64, 3, 1, 0, 0], [26, 2, 1, 5, 0], [8, 7, 8, 6, 0], [0, 0, 0, 18, 0], [2, 0, 0, 33, 3]], [[62, 4, 1, 0, 0], [26, 4, 3, 0, 0], [13, 9, 8, 0, 0], [0, 0, 0, 5, 13], [0, 0, 0, 0, 38]], [[65, 1, 1, 0, 0], [23, 4, 5, 0, 1], [6, 6, 16, 0, 2], [0, 0, 0, 1, 17], [0, 0, 0, 0, 38]], [[66, 0, 1, 0, 0], [23, 2, 8, 0, 0], [12, 1, 13, 0, 4], [1, 0, 4, 0, 13], [1, 0, 2, 0, 35]], [[63, 4, 1, 0, 0], [27, 0, 6, 0, 0], [19, 3, 7, 0, 0], [0, 0, 2, 0, 16], [2, 0, 2, 0, 34]]]","LogisticRegression(C=0.01, l1_ratio=0.2, max_iter=400, penalty='elasticnet',
                   solver='saga')"
53,AutoDataset,class5,600,KNeighborsClassifier,931,0.7344331384859638,0.5608303145305042,0.7342281879194631,0.6021505376344086,0.01998299792713494,0.0771755148931928,"[0.7634408602150538, 0.7261744966442953, 0.7087248322147651, 0.7342281879194631, 0.7395973154362416]","[0.42780748663101603, 0.6021505376344086, 0.6021505376344086, 0.6129032258064516, 0.5591397849462365]","[[[54, 11, 3, 0, 0], [17, 2, 1, 14, 0], [5, 10, 6, 8, 0], [0, 0, 0, 18, 0], [1, 0, 0, 37, 0]], [[57, 8, 2, 0, 0], [22, 6, 5, 0, 0], [13, 9, 8, 0, 0], [0, 1, 0, 6, 11], [0, 0, 0, 3, 35]], [[59, 6, 2, 0, 0], [23, 4, 6, 0, 0], [9, 8, 11, 0, 2], [0, 1, 0, 1, 16], [0, 0, 0, 1, 37]], [[62, 4, 1, 0, 0], [20, 8, 5, 0, 0], [9, 6, 10, 1, 4], [0, 1, 2, 0, 15], [0, 1, 1, 2, 34]], [[60, 4, 4, 0, 0], [27, 3, 3, 0, 0], [18, 5, 6, 0, 0], [0, 2, 1, 1, 14], [2, 0, 2, 0, 34]]]",KNeighborsClassifier()
54,AutoDataset,class5,600,ExtraTreeClassifier,931,0.9975828101320632,0.4737680409407165,0.9973154362416108,0.489247311827957,0.0017513680235443137,0.044833985735548344,"[0.9959677419354839, 0.9986577181208054, 0.9973154362416108, 0.9959731543624161, 1.0]","[0.39572192513368987, 0.489247311827957, 0.5053763440860215, 0.478494623655914, 0.5]","[[[43, 13, 11, 1, 0], [12, 8, 4, 9, 1], [7, 7, 6, 7, 2], [1, 0, 2, 13, 2], [0, 0, 9, 25, 4]], [[39, 16, 9, 2, 1], [16, 9, 7, 1, 0], [13, 5, 12, 0, 0], [1, 3, 2, 6, 6], [1, 6, 1, 5, 25]], [[37, 12, 14, 1, 3], [16, 7, 8, 1, 1], [2, 4, 19, 1, 4], [2, 1, 3, 4, 8], [1, 1, 2, 7, 27]], [[47, 17, 2, 1, 0], [17, 4, 9, 1, 2], [6, 5, 12, 1, 6], [2, 1, 5, 4, 6], [1, 1, 4, 10, 22]], [[42, 12, 12, 1, 1], [16, 8, 8, 1, 0], [5, 6, 14, 4, 0], [3, 0, 1, 0, 14], [2, 1, 4, 2, 29]]]",ExtraTreeClassifier()
55,AutoDataset,class5,600,RandomForestClassifier,931,0.9975828101320632,0.5940946466563164,0.9973154362416108,0.6182795698924731,0.0017513680235443137,0.06648514344829615,"[0.9959677419354839, 0.9986577181208054, 0.9973154362416108, 0.9959731543624161, 1.0]","[0.4919786096256685, 0.6182795698924731, 0.6505376344086021, 0.6451612903225806, 0.5645161290322581]","[[[59, 6, 3, 0, 0], [16, 6, 2, 10, 0], [5, 8, 8, 8, 0], [0, 0, 0, 18, 0], [0, 1, 0, 36, 1]], [[57, 7, 2, 0, 1], [25, 4, 4, 0, 0], [13, 6, 11, 0, 0], [0, 0, 0, 5, 13], [0, 0, 0, 0, 38]], [[62, 2, 2, 0, 1], [21, 2, 8, 0, 2], [4, 4, 19, 1, 2], [0, 0, 0, 1, 17], [0, 0, 0, 1, 37]], [[64, 1, 2, 0, 0], [23, 2, 8, 0, 0], [9, 2, 17, 0, 2], [0, 0, 4, 0, 14], [0, 0, 1, 0, 37]], [[59, 8, 1, 0, 0], [25, 2, 6, 0, 0], [16, 3, 10, 0, 0], [0, 0, 2, 0, 16], [3, 0, 1, 0, 34]]]",RandomForestClassifier()
56,AutoDataset,class5,600,LinearSVC,931,0.9975828101320632,0.5726352711172445,0.9973154362416108,0.5645161290322581,0.0017513680235443137,0.08783641398543929,"[0.9959677419354839, 0.9986577181208054, 0.9973154362416108, 0.9959731543624161, 1.0]","[0.44919786096256686, 0.5645161290322581, 0.6881720430107527, 0.6129032258064516, 0.5483870967741935]","[[[40, 23, 5, 0, 0], [19, 6, 4, 5, 0], [2, 8, 11, 7, 1], [0, 0, 0, 18, 0], [1, 1, 3, 24, 9]], [[45, 19, 3, 0, 0], [14, 8, 10, 0, 1], [4, 12, 14, 0, 0], [0, 2, 1, 6, 9], [0, 1, 2, 3, 32]], [[55, 8, 4, 0, 0], [9, 9, 14, 0, 1], [2, 5, 22, 1, 0], [0, 0, 1, 8, 9], [0, 0, 0, 4, 34]], [[59, 4, 4, 0, 0], [15, 6, 11, 1, 0], [3, 10, 15, 1, 1], [0, 1, 4, 5, 8], [0, 0, 2, 7, 29]], [[53, 11, 3, 1, 0], [20, 7, 5, 0, 1], [7, 7, 14, 1, 0], [0, 1, 4, 2, 11], [2, 0, 6, 4, 26]]]",LinearSVC()
57,AutoDataset,class5,600,AdaBoostClassifier,931,0.636960381034856,0.5059226036455639,0.6308724832214765,0.4919786096256685,0.025340973186266342,0.05136859322259641,"[0.6774193548387096, 0.6214765100671141, 0.6429530201342282, 0.6120805369127517, 0.6308724832214765]","[0.4919786096256685, 0.45161290322580644, 0.5860215053763441, 0.521505376344086, 0.478494623655914]","[[[46, 16, 6, 0, 0], [18, 10, 4, 2, 0], [3, 8, 17, 1, 0], [0, 0, 1, 17, 0], [0, 0, 4, 32, 2]], [[44, 14, 8, 0, 1], [18, 10, 5, 0, 0], [10, 9, 10, 0, 1], [0, 0, 4, 5, 9], [0, 0, 0, 23, 15]], [[48, 7, 12, 0, 0], [13, 8, 12, 0, 0], [5, 9, 15, 0, 1], [0, 0, 2, 8, 8], [0, 1, 1, 6, 30]], [[49, 14, 4, 0, 0], [13, 6, 14, 0, 0], [6, 6, 18, 0, 0], [1, 4, 6, 3, 4], [1, 1, 8, 7, 21]], [[44, 14, 10, 0, 0], [24, 4, 5, 0, 0], [8, 5, 16, 0, 0], [0, 0, 6, 9, 3], [1, 1, 13, 7, 16]]]",AdaBoostClassifier(n_estimators=100)
58,AutoDataset,class5,600,GradientBoostingClassifier,931,0.9975828101320632,0.6134322350641137,0.9973154362416108,0.6290322580645161,0.0017513680235443137,0.07124997286861753,"[0.9959677419354839, 0.9986577181208054, 0.9973154362416108, 0.9959731543624161, 1.0]","[0.5080213903743316, 0.6612903225806451, 0.6881720430107527, 0.6290322580645161, 0.5806451612903226]","[[[53, 10, 5, 0, 0], [18, 3, 4, 9, 0], [6, 5, 16, 2, 0], [0, 0, 0, 18, 0], [2, 0, 0, 31, 5]], [[55, 7, 3, 1, 1], [19, 7, 7, 0, 0], [7, 7, 16, 0, 0], [0, 0, 0, 8, 10], [0, 0, 0, 1, 37]], [[58, 6, 3, 0, 0], [14, 10, 8, 0, 1], [2, 6, 20, 1, 1], [0, 0, 0, 3, 15], [0, 0, 0, 1, 37]], [[60, 5, 2, 0, 0], [15, 5, 13, 0, 0], [6, 4, 20, 0, 0], [1, 0, 7, 0, 10], [0, 0, 5, 1, 32]], [[59, 6, 3, 0, 0], [23, 3, 7, 0, 0], [11, 4, 14, 0, 0], [0, 1, 2, 1, 14], [2, 0, 5, 0, 31]]]",GradientBoostingClassifier()
59,AutoDataset,class5,600,VotingClassifier,931,0.9975828101320632,0.604858835029613,0.9973154362416108,0.6129032258064516,0.0017513680235443137,0.08385801344338568,"[0.9959677419354839, 0.9986577181208054, 0.9973154362416108, 0.9959731543624161, 1.0]","[0.48128342245989303, 0.6129032258064516, 0.7096774193548387, 0.6397849462365591, 0.5806451612903226]","[[[50, 15, 3, 0, 0], [23, 3, 3, 5, 0], [3, 5, 13, 8, 0], [0, 0, 0, 18, 0], [1, 1, 1, 29, 6]], [[52, 13, 2, 0, 0], [17, 7, 9, 0, 0], [8, 7, 15, 0, 0], [0, 1, 1, 7, 9], [0, 1, 1, 3, 33]], [[60, 4, 2, 0, 1], [17, 6, 9, 0, 1], [5, 1, 24, 0, 0], [0, 0, 0, 7, 11], [0, 0, 0, 3, 35]], [[61, 3, 3, 0, 0], [19, 4, 10, 0, 0], [4, 7, 17, 1, 1], [0, 1, 4, 3, 10], [0, 0, 1, 3, 34]], [[58, 7, 3, 0, 0], [25, 4, 4, 0, 0], [8, 8, 12, 1, 0], [0, 1, 4, 3, 10], [2, 0, 3, 2, 31]]]","VotingClassifier(estimators=[('mlp',
                              MLPClassifier(activation='logistic',
                                            hidden_layer_sizes=100,
                                            max_iter=300)),
                             ('svc', LinearSVC()),
                             ('rfc', RandomForestClassifier())])"
60,AutoDataset,class5,700,GaussianNB,931,0.672945442736523,0.5769650968891955,0.6577181208053692,0.6397849462365591,0.029399465014689777,0.11610098040244289,"[0.7217741935483871, 0.6577181208053692, 0.6510067114093959, 0.6550335570469799, 0.6791946308724832]","[0.42245989304812837, 0.6827956989247311, 0.6559139784946236, 0.6397849462365591, 0.4838709677419355]","[[[45, 20, 3, 0, 0], [11, 3, 3, 17, 0], [3, 4, 13, 9, 0], [0, 0, 0, 18, 0], [0, 0, 1, 37, 0]], [[53, 8, 4, 0, 2], [21, 6, 6, 0, 0], [8, 6, 16, 0, 0], [0, 0, 0, 18, 0], [0, 0, 0, 4, 34]], [[54, 2, 10, 0, 1], [14, 6, 12, 0, 1], [1, 4, 19, 1, 5], [0, 0, 0, 6, 12], [0, 0, 0, 1, 37]], [[59, 5, 3, 0, 0], [17, 5, 10, 0, 1], [5, 2, 19, 0, 4], [0, 0, 5, 0, 13], [0, 0, 2, 0, 36]], [[46, 17, 4, 0, 1], [21, 1, 10, 1, 0], [14, 5, 10, 0, 0], [0, 0, 3, 0, 15], [0, 0, 5, 0, 33]]]",GaussianNB()
61,AutoDataset,class5,700,MLPClassifier,931,0.9975828101320632,0.6177620608360647,0.9973154362416108,0.6129032258064516,0.0017513680235443137,0.0949746620108485,"[0.9959677419354839, 0.9986577181208054, 0.9973154362416108, 0.9959731543624161, 1.0]","[0.48128342245989303, 0.5860215053763441, 0.7311827956989247, 0.6774193548387096, 0.6129032258064516]","[[[46, 19, 3, 0, 0], [17, 6, 6, 5, 0], [3, 5, 15, 6, 0], [0, 0, 0, 18, 0], [0, 1, 0, 32, 5]], [[47, 18, 1, 0, 1], [16, 7, 10, 0, 0], [6, 10, 14, 0, 0], [0, 0, 1, 8, 9], [0, 0, 0, 5, 33]], [[59, 6, 1, 0, 1], [10, 10, 12, 0, 1], [2, 4, 23, 1, 0], [0, 0, 0, 9, 9], [0, 0, 0, 3, 35]], [[61, 4, 2, 0, 0], [16, 8, 9, 0, 0], [2, 5, 19, 1, 3], [0, 1, 4, 3, 10], [0, 0, 1, 2, 35]], [[59, 4, 5, 0, 0], [25, 3, 5, 0, 0], [6, 7, 15, 1, 0], [0, 0, 1, 6, 11], [1, 0, 2, 4, 31]]]","MLPClassifier(activation='logistic', hidden_layer_sizes=100, max_iter=300)"
62,AutoDataset,class5,700,LogisticRegression,931,0.6925377065742946,0.5994537404404576,0.6899328859060403,0.6236559139784946,0.013036692913906564,0.06305885414149004,"[0.7029569892473119, 0.6778523489932886, 0.6832214765100671, 0.6899328859060403, 0.7087248322147651]","[0.5080213903743316, 0.6344086021505376, 0.6666666666666666, 0.6236559139784946, 0.5645161290322581]","[[[63, 4, 1, 0, 0], [25, 2, 2, 5, 0], [9, 5, 9, 6, 0], [0, 0, 0, 18, 0], [3, 0, 0, 32, 3]], [[62, 4, 1, 0, 0], [26, 5, 2, 0, 0], [13, 9, 8, 0, 0], [0, 0, 0, 5, 13], [0, 0, 0, 0, 38]], [[65, 1, 1, 0, 0], [23, 4, 5, 0, 1], [6, 6, 16, 0, 2], [0, 0, 0, 1, 17], [0, 0, 0, 0, 38]], [[65, 0, 2, 0, 0], [23, 2, 8, 0, 0], [12, 1, 14, 0, 3], [1, 0, 4, 0, 13], [1, 0, 2, 0, 35]], [[64, 3, 1, 0, 0], [27, 0, 6, 0, 0], [19, 3, 7, 0, 0], [0, 0, 2, 0, 16], [2, 0, 2, 0, 34]]]","LogisticRegression(C=0.01, l1_ratio=0.2, max_iter=400, penalty='elasticnet',
                   solver='saga')"
63,AutoDataset,class5,700,KNeighborsClassifier,931,0.7387306054701595,0.5619285837502156,0.7342281879194631,0.6021505376344086,0.019681713918678533,0.08836603359412847,"[0.771505376344086, 0.7342281879194631, 0.7181208053691275, 0.7342281879194631, 0.7355704697986577]","[0.40641711229946526, 0.6075268817204301, 0.6021505376344086, 0.6182795698924731, 0.5752688172043011]","[[[52, 12, 4, 0, 0], [16, 2, 1, 15, 0], [7, 10, 4, 8, 0], [0, 0, 0, 18, 0], [1, 0, 0, 37, 0]], [[58, 7, 2, 0, 0], [23, 6, 4, 0, 0], [13, 9, 8, 0, 0], [0, 1, 0, 6, 11], [0, 0, 0, 3, 35]], [[58, 7, 2, 0, 0], [22, 6, 5, 0, 0], [11, 7, 10, 0, 2], [0, 1, 0, 1, 16], [0, 0, 0, 1, 37]], [[64, 2, 1, 0, 0], [23, 5, 5, 0, 0], [11, 5, 12, 0, 2], [0, 1, 2, 0, 15], [1, 1, 1, 1, 34]], [[63, 2, 3, 0, 0], [28, 2, 3, 0, 0], [17, 5, 7, 0, 0], [0, 2, 2, 1, 13], [2, 0, 2, 0, 34]]]",KNeighborsClassifier()
64,AutoDataset,class5,700,ExtraTreeClassifier,931,0.9975828101320632,0.44582255189465814,0.9973154362416108,0.46774193548387094,0.0017513680235443137,0.0585620105640065,"[0.9959677419354839, 0.9986577181208054, 0.9973154362416108, 0.9959731543624161, 1.0]","[0.3850267379679144, 0.489247311827957, 0.46774193548387094, 0.5053763440860215, 0.3817204301075269]","[[[39, 18, 10, 1, 0], [17, 8, 3, 4, 2], [9, 8, 2, 10, 0], [0, 1, 1, 12, 4], [1, 5, 1, 20, 11]], [[39, 12, 8, 6, 2], [13, 6, 11, 3, 0], [14, 5, 9, 2, 0], [0, 1, 1, 8, 8], [2, 2, 0, 5, 29]], [[42, 13, 4, 3, 5], [15, 6, 11, 0, 1], [9, 4, 9, 4, 4], [0, 1, 1, 5, 11], [3, 3, 1, 6, 25]], [[46, 6, 9, 1, 5], [18, 9, 5, 0, 1], [6, 5, 12, 2, 5], [4, 2, 3, 3, 6], [3, 5, 3, 3, 24]], [[39, 19, 7, 1, 2], [22, 4, 5, 1, 1], [12, 6, 9, 2, 0], [1, 0, 2, 4, 11], [5, 4, 5, 9, 15]]]",ExtraTreeClassifier()
65,AutoDataset,class5,700,RandomForestClassifier,931,0.9975828101320632,0.6026795468920706,0.9973154362416108,0.6236559139784946,0.0017513680235443137,0.06025838521166637,"[0.9959677419354839, 0.9986577181208054, 0.9973154362416108, 0.9959731543624161, 1.0]","[0.5080213903743316, 0.6236559139784946, 0.6559139784946236, 0.6451612903225806, 0.5806451612903226]","[[[62, 4, 2, 0, 0], [18, 4, 2, 10, 0], [5, 5, 11, 8, 0], [0, 0, 0, 18, 0], [0, 0, 0, 38, 0]], [[61, 3, 2, 0, 1], [26, 4, 3, 0, 0], [13, 5, 12, 0, 0], [0, 0, 0, 2, 16], [0, 0, 0, 1, 37]], [[62, 2, 2, 0, 1], [22, 1, 9, 0, 1], [6, 2, 19, 1, 2], [0, 0, 0, 2, 16], [0, 0, 0, 0, 38]], [[65, 0, 2, 0, 0], [22, 2, 9, 0, 0], [10, 1, 17, 0, 2], [0, 1, 3, 0, 14], [0, 0, 2, 0, 36]], [[62, 4, 2, 0, 0], [28, 1, 4, 0, 0], [17, 1, 11, 0, 0], [0, 0, 1, 0, 17], [2, 0, 1, 1, 34]]]",RandomForestClassifier()
66,AutoDataset,class5,700,LinearSVC,931,0.9975828101320632,0.5704962336840895,0.9973154362416108,0.5806451612903226,0.0017513680235443137,0.0942846351076737,"[0.9959677419354839, 0.9986577181208054, 0.9973154362416108, 0.9959731543624161, 1.0]","[0.4385026737967914, 0.5806451612903226, 0.6881720430107527, 0.6182795698924731, 0.5268817204301075]","[[[40, 24, 4, 0, 0], [17, 5, 4, 8, 0], [2, 6, 13, 6, 2], [0, 0, 0, 17, 1], [1, 2, 0, 28, 7]], [[47, 17, 3, 0, 0], [14, 7, 11, 0, 1], [5, 11, 14, 0, 0], [0, 1, 1, 7, 9], [0, 1, 2, 2, 33]], [[55, 7, 3, 1, 1], [9, 9, 14, 0, 1], [2, 5, 21, 1, 1], [0, 0, 1, 9, 8], [0, 0, 0, 4, 34]], [[60, 3, 4, 0, 0], [12, 9, 11, 1, 0], [3, 11, 13, 1, 2], [0, 1, 4, 5, 8], [1, 0, 2, 7, 28]], [[52, 11, 4, 1, 0], [22, 4, 7, 0, 0], [6, 6, 16, 1, 0], [1, 0, 3, 4, 10], [3, 0, 7, 6, 22]]]",LinearSVC()
67,AutoDataset,class5,700,AdaBoostClassifier,931,0.6449999999999999,0.5091771606003105,0.6429530201342282,0.5268817204301075,0.02613370164548872,0.04795437582493244,"[0.625, 0.6845637583892618, 0.6536912751677852, 0.6429530201342282, 0.6187919463087248]","[0.46524064171123, 0.5268817204301075, 0.5591397849462365, 0.543010752688172, 0.45161290322580644]","[[[40, 19, 9, 0, 0], [4, 11, 17, 2, 0], [4, 4, 19, 2, 0], [0, 0, 1, 15, 2], [0, 0, 6, 30, 2]], [[48, 11, 8, 0, 0], [14, 11, 8, 0, 0], [11, 9, 10, 0, 0], [0, 0, 6, 4, 8], [0, 0, 2, 11, 25]], [[47, 13, 7, 0, 0], [14, 10, 9, 0, 0], [2, 12, 14, 2, 0], [0, 0, 4, 7, 7], [0, 0, 2, 10, 26]], [[52, 11, 4, 0, 0], [14, 5, 14, 0, 0], [7, 8, 13, 0, 2], [2, 1, 5, 0, 10], [0, 0, 4, 3, 31]], [[42, 16, 10, 0, 0], [14, 10, 9, 0, 0], [6, 12, 11, 0, 0], [0, 0, 8, 4, 6], [1, 0, 15, 5, 17]]]",AdaBoostClassifier(n_estimators=100)
68,AutoDataset,class5,700,GradientBoostingClassifier,931,0.9975828101320632,0.6155885227991489,0.9973154362416108,0.6505376344086021,0.0017513680235443137,0.06958743947336253,"[0.9959677419354839, 0.9986577181208054, 0.9973154362416108, 0.9959731543624161, 1.0]","[0.5026737967914439, 0.6505376344086021, 0.6774193548387096, 0.6505376344086021, 0.5967741935483871]","[[[55, 9, 4, 0, 0], [19, 5, 4, 6, 0], [5, 6, 14, 4, 0], [0, 0, 0, 18, 0], [2, 0, 0, 34, 2]], [[54, 9, 2, 1, 1], [21, 7, 5, 0, 0], [6, 8, 16, 0, 0], [0, 1, 0, 7, 10], [0, 0, 0, 1, 37]], [[59, 4, 4, 0, 0], [13, 6, 12, 0, 2], [1, 8, 19, 1, 1], [0, 0, 0, 5, 13], [0, 0, 0, 1, 37]], [[60, 5, 2, 0, 0], [17, 6, 10, 0, 0], [5, 4, 21, 0, 0], [1, 0, 8, 0, 9], [0, 0, 2, 2, 34]], [[59, 7, 2, 0, 0], [23, 6, 4, 0, 0], [12, 3, 14, 0, 0], [0, 0, 3, 2, 13], [3, 1, 3, 1, 30]]]",GradientBoostingClassifier()
69,AutoDataset,class5,700,VotingClassifier,931,0.9975828101320632,0.6113219481340924,0.9973154362416108,0.6075268817204301,0.0017513680235443137,0.09309227561814422,"[0.9959677419354839, 0.9986577181208054, 0.9973154362416108, 0.9959731543624161, 1.0]","[0.47058823529411764, 0.6075268817204301, 0.7150537634408602, 0.6720430107526881, 0.5913978494623656]","[[[49, 16, 3, 0, 0], [18, 4, 3, 9, 0], [4, 6, 12, 7, 0], [0, 0, 0, 18, 0], [0, 1, 0, 32, 5]], [[51, 15, 1, 0, 0], [18, 7, 8, 0, 0], [8, 10, 12, 0, 0], [0, 0, 0, 9, 9], [0, 1, 1, 2, 34]], [[60, 4, 2, 0, 1], [15, 7, 10, 0, 1], [5, 1, 24, 0, 0], [0, 0, 0, 7, 11], [0, 0, 0, 3, 35]], [[62, 3, 2, 0, 0], [16, 7, 10, 0, 0], [3, 8, 18, 0, 1], [0, 1, 4, 3, 10], [0, 0, 2, 1, 35]], [[58, 6, 4, 0, 0], [25, 4, 4, 0, 0], [10, 5, 14, 0, 0], [0, 0, 2, 4, 12], [2, 0, 3, 3, 30]]]","VotingClassifier(estimators=[('mlp',
                              MLPClassifier(activation='logistic',
                                            hidden_layer_sizes=100,
                                            max_iter=300)),
                             ('svc', LinearSVC()),
                             ('rfc', RandomForestClassifier())])"
70,AutoDataset,class5,800,GaussianNB,931,0.6796600995886555,0.5737507906388362,0.6644295302013423,0.6290322580645161,0.03184665935878994,0.11911595829351725,"[0.7338709677419355, 0.6550335570469799, 0.6644295302013423, 0.6630872483221476, 0.6818791946308724]","[0.4117647058823529, 0.6774193548387096, 0.6666666666666666, 0.6290322580645161, 0.4838709677419355]","[[[43, 22, 3, 0, 0], [11, 3, 2, 18, 0], [2, 4, 13, 10, 0], [0, 0, 0, 18, 0], [0, 0, 1, 37, 0]], [[52, 9, 4, 0, 2], [20, 7, 6, 0, 0], [9, 6, 15, 0, 0], [0, 0, 0, 18, 0], [0, 0, 0, 4, 34]], [[55, 1, 10, 0, 1], [14, 6, 12, 0, 1], [1, 4, 20, 1, 4], [0, 0, 0, 6, 12], [0, 0, 0, 1, 37]], [[59, 5, 3, 0, 0], [17, 5, 10, 0, 1], [6, 2, 17, 0, 5], [0, 0, 5, 0, 13], [0, 0, 2, 0, 36]], [[45, 18, 4, 0, 1], [21, 2, 9, 0, 1], [14, 5, 10, 0, 0], [0, 0, 2, 0, 16], [0, 0, 5, 0, 33]]]",GaussianNB()
71,AutoDataset,class5,800,MLPClassifier,931,0.9975828101320632,0.6188660801564028,0.9973154362416108,0.6129032258064516,0.0017513680235443137,0.11013043679113807,"[0.9959677419354839, 0.9986577181208054, 0.9973154362416108, 0.9959731543624161, 1.0]","[0.45454545454545453, 0.6129032258064516, 0.7419354838709677, 0.6935483870967742, 0.5913978494623656]","[[[46, 19, 3, 0, 0], [23, 4, 3, 4, 0], [4, 5, 12, 8, 0], [0, 0, 0, 18, 0], [1, 1, 0, 31, 5]], [[46, 19, 1, 0, 1], [15, 9, 9, 0, 0], [6, 8, 16, 0, 0], [0, 0, 0, 10, 8], [0, 0, 0, 5, 33]], [[59, 6, 1, 0, 1], [11, 12, 9, 0, 1], [2, 4, 24, 0, 0], [0, 0, 0, 9, 9], [0, 0, 0, 4, 34]], [[64, 1, 2, 0, 0], [15, 9, 9, 0, 0], [2, 6, 19, 0, 3], [1, 1, 3, 3, 10], [0, 0, 1, 3, 34]], [[59, 5, 4, 0, 0], [25, 3, 5, 0, 0], [7, 8, 13, 1, 0], [0, 0, 1, 6, 11], [1, 0, 2, 6, 29]]]","MLPClassifier(activation='logistic', hidden_layer_sizes=100, max_iter=300)"
72,AutoDataset,class5,800,LogisticRegression,931,0.6965652738688027,0.6058938531424299,0.6926174496644295,0.6344086021505376,0.012153922295236683,0.06196844122479802,"[0.7056451612903226, 0.6845637583892618, 0.687248322147651, 0.6926174496644295, 0.7127516778523489]","[0.5187165775401069, 0.6451612903225806, 0.6666666666666666, 0.6344086021505376, 0.5645161290322581]","[[[63, 4, 1, 0, 0], [25, 2, 2, 5, 0], [8, 4, 11, 6, 0], [0, 0, 0, 18, 0], [3, 0, 0, 32, 3]], [[62, 4, 1, 0, 0], [26, 4, 3, 0, 0], [12, 7, 11, 0, 0], [0, 0, 0, 5, 13], [0, 0, 0, 0, 38]], [[64, 1, 2, 0, 0], [23, 4, 5, 0, 1], [6, 5, 17, 0, 2], [0, 0, 0, 1, 17], [0, 0, 0, 0, 38]], [[65, 0, 2, 0, 0], [22, 2, 9, 0, 0], [12, 0, 15, 0, 3], [1, 0, 4, 0, 13], [1, 0, 1, 0, 36]], [[64, 3, 1, 0, 0], [27, 0, 6, 0, 0], [19, 3, 7, 0, 0], [0, 0, 2, 0, 16], [2, 0, 2, 0, 34]]]","LogisticRegression(C=0.01, l1_ratio=0.2, max_iter=400, penalty='elasticnet',
                   solver='saga')"
73,AutoDataset,class5,800,KNeighborsClassifier,931,0.7363119722883742,0.5565349893623138,0.7302013422818792,0.5860215053763441,0.014550215352697304,0.07698353119675282,"[0.7620967741935484, 0.7328859060402685, 0.72751677852349, 0.7288590604026846, 0.7302013422818792]","[0.42245989304812837, 0.5860215053763441, 0.5860215053763441, 0.6182795698924731, 0.5698924731182796]","[[[51, 13, 4, 0, 0], [16, 2, 1, 15, 0], [6, 6, 8, 9, 0], [0, 0, 0, 18, 0], [0, 1, 0, 37, 0]], [[56, 9, 2, 0, 0], [24, 5, 4, 0, 0], [11, 11, 8, 0, 0], [0, 2, 0, 4, 12], [0, 0, 0, 2, 36]], [[57, 8, 2, 0, 0], [23, 5, 5, 0, 0], [11, 8, 9, 1, 1], [0, 1, 0, 1, 16], [0, 0, 0, 1, 37]], [[63, 3, 1, 0, 0], [20, 7, 6, 0, 0], [11, 5, 12, 0, 2], [1, 1, 2, 0, 14], [1, 2, 0, 2, 33]], [[61, 4, 3, 0, 0], [27, 3, 3, 0, 0], [18, 4, 7, 0, 0], [0, 1, 3, 1, 13], [2, 0, 2, 0, 34]]]",KNeighborsClassifier()
74,AutoDataset,class5,800,ExtraTreeClassifier,931,0.9975828101320632,0.442602495543672,0.9973154362416108,0.46236559139784944,0.0017513680235443137,0.0378232597983865,"[0.9959677419354839, 0.9986577181208054, 0.9973154362416108, 0.9959731543624161, 1.0]","[0.37967914438502676, 0.4731182795698925, 0.43548387096774194, 0.46236559139784944, 0.46236559139784944]","[[[36, 17, 11, 4, 0], [8, 8, 4, 13, 1], [10, 6, 8, 3, 2], [0, 2, 0, 11, 5], [1, 3, 7, 19, 8]], [[45, 9, 9, 2, 2], [17, 9, 6, 1, 0], [12, 5, 11, 1, 1], [2, 2, 3, 4, 7], [4, 1, 1, 13, 19]], [[35, 16, 9, 2, 5], [19, 7, 7, 0, 0], [9, 8, 10, 1, 2], [0, 3, 0, 3, 12], [3, 3, 2, 4, 26]], [[43, 20, 3, 0, 1], [14, 7, 10, 0, 2], [5, 5, 12, 2, 6], [1, 3, 2, 2, 10], [4, 4, 4, 4, 22]], [[44, 13, 8, 2, 1], [17, 7, 8, 0, 1], [11, 6, 12, 0, 0], [1, 1, 3, 3, 10], [1, 1, 6, 10, 20]]]",ExtraTreeClassifier()
75,AutoDataset,class5,800,RandomForestClassifier,931,0.9975828101320632,0.6037548157092749,0.9973154362416108,0.6397849462365591,0.0017513680235443137,0.05871583213506773,"[0.9959677419354839, 0.9986577181208054, 0.9973154362416108, 0.9959731543624161, 1.0]","[0.5080213903743316, 0.6397849462365591, 0.6397849462365591, 0.6451612903225806, 0.5860215053763441]","[[[62, 5, 1, 0, 0], [20, 2, 2, 10, 0], [5, 5, 11, 8, 0], [0, 0, 0, 18, 0], [1, 0, 0, 35, 2]], [[59, 7, 0, 0, 1], [25, 5, 3, 0, 0], [12, 3, 15, 0, 0], [0, 0, 0, 3, 15], [0, 1, 0, 0, 37]], [[60, 1, 5, 0, 1], [21, 2, 9, 0, 1], [2, 7, 19, 1, 1], [0, 0, 0, 1, 17], [0, 0, 0, 1, 37]], [[62, 4, 1, 0, 0], [22, 3, 8, 0, 0], [9, 2, 18, 0, 1], [2, 0, 4, 0, 12], [0, 0, 1, 0, 37]], [[62, 4, 2, 0, 0], [25, 1, 7, 0, 0], [16, 4, 9, 0, 0], [0, 0, 2, 1, 15], [1, 0, 1, 0, 36]]]",RandomForestClassifier()
76,AutoDataset,class5,800,LinearSVC,931,0.9975828101320632,0.5672934276349836,0.9973154362416108,0.6021505376344086,0.0017513680235443137,0.09141222946122413,"[0.9959677419354839, 0.9986577181208054, 0.9973154362416108, 0.9959731543624161, 1.0]","[0.41711229946524064, 0.6021505376344086, 0.6559139784946236, 0.6075268817204301, 0.553763440860215]","[[[41, 22, 5, 0, 0], [17, 4, 4, 9, 0], [3, 8, 10, 7, 1], [0, 0, 0, 17, 1], [1, 2, 0, 29, 6]], [[49, 16, 2, 0, 0], [14, 8, 10, 0, 1], [4, 12, 14, 0, 0], [0, 0, 0, 8, 10], [0, 1, 2, 2, 33]], [[53, 9, 4, 0, 1], [9, 8, 15, 0, 1], [3, 6, 18, 1, 2], [0, 0, 0, 9, 9], [0, 0, 0, 4, 34]], [[59, 5, 3, 0, 0], [13, 8, 11, 1, 0], [3, 11, 12, 2, 2], [0, 1, 4, 5, 8], [1, 0, 1, 7, 29]], [[52, 11, 4, 1, 0], [21, 6, 6, 0, 0], [4, 6, 18, 1, 0], [1, 0, 3, 4, 10], [3, 0, 7, 5, 23]]]",LinearSVC()
77,AutoDataset,class5,800,AdaBoostClassifier,931,0.6498426787905031,0.5112356966246909,0.6469798657718121,0.521505376344086,0.023380688094244356,0.047364507651494026,"[0.6639784946236559, 0.625503355704698, 0.6469798657718121, 0.6308724832214765, 0.6818791946308724]","[0.5508021390374331, 0.5161290322580645, 0.521505376344086, 0.5376344086021505, 0.43010752688172044]","[[[58, 8, 2, 0, 0], [7, 3, 23, 1, 0], [4, 4, 19, 2, 0], [0, 0, 1, 16, 1], [0, 1, 10, 20, 7]], [[35, 18, 14, 0, 0], [12, 11, 10, 0, 0], [8, 10, 12, 0, 0], [0, 1, 2, 11, 4], [0, 0, 1, 10, 27]], [[44, 11, 11, 0, 1], [12, 5, 16, 0, 0], [1, 10, 19, 0, 0], [0, 0, 4, 5, 9], [0, 0, 3, 11, 24]], [[49, 12, 4, 0, 2], [19, 4, 10, 0, 0], [9, 5, 14, 0, 2], [2, 0, 5, 0, 11], [1, 0, 2, 2, 33]], [[39, 20, 9, 0, 0], [18, 7, 8, 0, 0], [10, 7, 12, 0, 0], [0, 0, 5, 4, 9], [3, 0, 8, 9, 18]]]",AdaBoostClassifier(n_estimators=100)
78,AutoDataset,class5,800,GradientBoostingClassifier,931,0.9975828101320632,0.6123684664481628,0.9973154362416108,0.6505376344086021,0.0017513680235443137,0.08281514081959951,"[0.9959677419354839, 0.9986577181208054, 0.9973154362416108, 0.9959731543624161, 1.0]","[0.49732620320855614, 0.6881720430107527, 0.6720430107526881, 0.6505376344086021, 0.553763440860215]","[[[54, 8, 6, 0, 0], [20, 4, 4, 6, 0], [6, 7, 13, 3, 0], [0, 0, 0, 18, 0], [2, 0, 0, 32, 4]], [[56, 8, 1, 1, 1], [19, 7, 7, 0, 0], [5, 6, 19, 0, 0], [0, 0, 0, 8, 10], [0, 0, 0, 0, 38]], [[59, 5, 3, 0, 0], [17, 7, 8, 0, 1], [2, 8, 18, 1, 1], [0, 0, 1, 4, 13], [0, 0, 0, 1, 37]], [[60, 4, 3, 0, 0], [17, 7, 9, 0, 0], [6, 3, 20, 0, 1], [1, 0, 7, 0, 10], [0, 0, 3, 1, 34]], [[58, 7, 3, 0, 0], [24, 2, 7, 0, 0], [12, 2, 15, 0, 0], [0, 1, 4, 0, 13], [3, 2, 4, 1, 28]]]",GradientBoostingClassifier()
79,AutoDataset,class5,800,VotingClassifier,931,0.9975828101320632,0.6038123167155425,0.9973154362416108,0.6129032258064516,0.0017513680235443137,0.09148771594632313,"[0.9959677419354839, 0.9986577181208054, 0.9973154362416108, 0.9959731543624161, 1.0]","[0.45454545454545453, 0.6129032258064516, 0.6881720430107527, 0.6666666666666666, 0.5967741935483871]","[[[49, 16, 3, 0, 0], [21, 3, 3, 7, 0], [6, 5, 11, 7, 0], [0, 0, 0, 18, 0], [1, 1, 0, 32, 4]], [[52, 13, 2, 0, 0], [17, 8, 8, 0, 0], [8, 10, 12, 0, 0], [0, 0, 1, 8, 9], [0, 1, 1, 2, 34]], [[59, 5, 2, 0, 1], [17, 5, 10, 0, 1], [5, 2, 23, 0, 0], [0, 0, 0, 6, 12], [0, 0, 0, 3, 35]], [[63, 3, 1, 0, 0], [17, 6, 10, 0, 0], [5, 6, 17, 0, 2], [0, 1, 4, 3, 10], [0, 0, 1, 2, 35]], [[59, 6, 3, 0, 0], [24, 3, 6, 0, 0], [7, 5, 17, 0, 0], [0, 0, 2, 3, 13], [2, 0, 3, 4, 29]]]","VotingClassifier(estimators=[('mlp',
                              MLPClassifier(activation='logistic',
                                            hidden_layer_sizes=100,
                                            max_iter=300)),
                             ('svc', LinearSVC()),
                             ('rfc', RandomForestClassifier())])"
80,AutoDataset,class5,900,GaussianNB,931,0.6785859132568377,0.5748260594560405,0.6630872483221476,0.6397849462365591,0.0323518156162378,0.11946018559014245,"[0.7325268817204301, 0.6536912751677852, 0.6630872483221476, 0.6590604026845638, 0.6845637583892618]","[0.4117647058823529, 0.6774193548387096, 0.6612903225806451, 0.6397849462365591, 0.4838709677419355]","[[[43, 22, 3, 0, 0], [11, 3, 2, 18, 0], [2, 4, 13, 10, 0], [0, 0, 0, 18, 0], [0, 0, 1, 37, 0]], [[52, 8, 5, 0, 2], [20, 7, 6, 0, 0], [8, 6, 16, 0, 0], [0, 0, 0, 18, 0], [0, 0, 0, 5, 33]], [[53, 2, 11, 0, 1], [14, 6, 12, 0, 1], [1, 4, 21, 1, 3], [0, 0, 0, 6, 12], [0, 0, 0, 1, 37]], [[59, 5, 3, 0, 0], [16, 6, 10, 0, 1], [6, 2, 18, 0, 4], [0, 0, 5, 0, 13], [0, 0, 2, 0, 36]], [[45, 18, 4, 0, 1], [22, 2, 8, 0, 1], [14, 5, 10, 0, 0], [0, 0, 3, 0, 15], [1, 0, 4, 0, 33]]]",GaussianNB()
81,AutoDataset,class5,900,MLPClassifier,931,0.9975828101320632,0.6285147490081077,0.9973154362416108,0.6182795698924731,0.0017513680235443137,0.09804182511803472,"[0.9959677419354839, 0.9986577181208054, 0.9973154362416108, 0.9959731543624161, 1.0]","[0.48128342245989303, 0.6182795698924731, 0.7419354838709677, 0.6881720430107527, 0.6129032258064516]","[[[48, 16, 4, 0, 0], [21, 4, 5, 4, 0], [5, 4, 15, 5, 0], [0, 0, 0, 18, 0], [0, 1, 1, 31, 5]], [[48, 18, 1, 0, 0], [16, 9, 8, 0, 0], [5, 10, 15, 0, 0], [0, 0, 0, 9, 9], [0, 0, 0, 4, 34]], [[59, 6, 1, 0, 1], [8, 15, 9, 0, 1], [2, 5, 23, 0, 0], [0, 0, 0, 7, 11], [0, 0, 0, 4, 34]], [[63, 2, 2, 0, 0], [16, 8, 9, 0, 0], [2, 6, 19, 0, 3], [0, 1, 4, 3, 10], [0, 0, 1, 2, 35]], [[59, 5, 4, 0, 0], [24, 4, 5, 0, 0], [6, 5, 17, 1, 0], [0, 0, 1, 6, 11], [1, 0, 4, 5, 28]]]","MLPClassifier(activation='logistic', hidden_layer_sizes=100, max_iter=300)"
82,AutoDataset,class5,900,LogisticRegression,931,0.696834451901566,0.6058938531424299,0.6926174496644295,0.6344086021505376,0.01229735926603337,0.06254878413813887,"[0.7083333333333334, 0.687248322147651, 0.6845637583892618, 0.6926174496644295, 0.7114093959731543]","[0.5187165775401069, 0.6397849462365591, 0.6720430107526881, 0.6344086021505376, 0.5645161290322581]","[[[63, 4, 1, 0, 0], [25, 2, 2, 5, 0], [8, 4, 11, 6, 0], [0, 0, 0, 18, 0], [3, 0, 0, 32, 3]], [[62, 4, 1, 0, 0], [26, 4, 3, 0, 0], [13, 7, 10, 0, 0], [0, 0, 0, 5, 13], [0, 0, 0, 0, 38]], [[65, 0, 2, 0, 0], [23, 4, 5, 0, 1], [6, 5, 17, 0, 2], [0, 0, 0, 1, 17], [0, 0, 0, 0, 38]], [[65, 0, 2, 0, 0], [22, 3, 8, 0, 0], [12, 0, 15, 0, 3], [1, 0, 4, 0, 13], [1, 0, 2, 0, 35]], [[64, 3, 1, 0, 0], [27, 0, 6, 0, 0], [19, 3, 7, 0, 0], [0, 0, 2, 0, 16], [2, 0, 2, 0, 34]]]","LogisticRegression(C=0.01, l1_ratio=0.2, max_iter=400, penalty='elasticnet',
                   solver='saga')"
83,AutoDataset,class5,900,KNeighborsClassifier,931,0.738729162156311,0.5651313897993215,0.7328859060402685,0.6021505376344086,0.015357374724867959,0.07913039371666693,"[0.7661290322580645, 0.7328859060402685, 0.7315436241610739, 0.7328859060402685, 0.7302013422818792]","[0.42780748663101603, 0.6021505376344086, 0.6021505376344086, 0.6236559139784946, 0.5698924731182796]","[[[53, 12, 3, 0, 0], [16, 2, 1, 15, 0], [6, 8, 7, 8, 0], [0, 0, 0, 18, 0], [0, 1, 0, 37, 0]], [[57, 8, 2, 0, 0], [23, 6, 4, 0, 0], [13, 10, 7, 0, 0], [0, 2, 0, 5, 11], [0, 0, 0, 1, 37]], [[59, 6, 2, 0, 0], [23, 5, 5, 0, 0], [11, 7, 10, 0, 2], [0, 1, 0, 1, 16], [0, 0, 0, 1, 37]], [[64, 2, 1, 0, 0], [22, 5, 6, 0, 0], [11, 4, 13, 0, 2], [1, 1, 2, 0, 14], [0, 2, 0, 2, 34]], [[61, 4, 3, 0, 0], [28, 3, 2, 0, 0], [18, 4, 7, 0, 0], [0, 1, 2, 1, 14], [2, 0, 2, 0, 34]]]",KNeighborsClassifier()
84,AutoDataset,class5,900,ExtraTreeClassifier,931,0.9975828101320632,0.4748490598585475,0.9973154362416108,0.4838709677419355,0.0017513680235443137,0.05081608282629389,"[0.9959677419354839, 0.9986577181208054, 0.9973154362416108, 0.9959731543624161, 1.0]","[0.39037433155080214, 0.4731182795698925, 0.521505376344086, 0.5053763440860215, 0.4838709677419355]","[[[34, 20, 11, 2, 1], [11, 11, 2, 8, 2], [4, 9, 10, 1, 5], [0, 1, 3, 6, 8], [2, 0, 7, 17, 12]], [[39, 16, 8, 1, 3], [22, 8, 3, 0, 0], [9, 9, 9, 2, 1], [0, 1, 1, 9, 7], [1, 2, 0, 12, 23]], [[47, 9, 8, 2, 1], [12, 10, 9, 0, 2], [5, 10, 11, 0, 4], [1, 1, 3, 4, 9], [5, 2, 2, 4, 25]], [[56, 7, 4, 0, 0], [15, 5, 11, 0, 2], [3, 9, 12, 2, 4], [4, 2, 3, 3, 6], [5, 7, 5, 3, 18]], [[42, 16, 5, 0, 5], [19, 6, 5, 3, 0], [6, 7, 13, 1, 2], [0, 1, 5, 2, 10], [1, 0, 5, 5, 27]]]",ExtraTreeClassifier()
85,AutoDataset,class5,900,RandomForestClassifier,931,0.9975828101320632,0.6037375654073946,0.9973154362416108,0.6344086021505376,0.0017513680235443137,0.06132996988809027,"[0.9959677419354839, 0.9986577181208054, 0.9973154362416108, 0.9959731543624161, 1.0]","[0.5240641711229946, 0.6397849462365591, 0.6666666666666666, 0.6344086021505376, 0.553763440860215]","[[[62, 4, 2, 0, 0], [20, 4, 1, 9, 0], [4, 5, 14, 6, 0], [0, 0, 0, 18, 0], [0, 0, 0, 38, 0]], [[60, 5, 1, 0, 1], [26, 2, 5, 0, 0], [13, 3, 13, 0, 1], [0, 0, 0, 6, 12], [0, 0, 0, 0, 38]], [[63, 0, 4, 0, 0], [20, 3, 9, 0, 1], [3, 5, 20, 1, 1], [0, 1, 0, 0, 17], [0, 0, 0, 0, 38]], [[64, 1, 2, 0, 0], [21, 1, 11, 0, 0], [9, 4, 16, 0, 1], [0, 0, 5, 0, 13], [0, 1, 0, 0, 37]], [[60, 7, 1, 0, 0], [26, 2, 5, 0, 0], [16, 4, 9, 0, 0], [0, 0, 2, 0, 16], [3, 0, 3, 0, 32]]]",RandomForestClassifier()
86,AutoDataset,class5,900,LinearSVC,931,0.9975828101320632,0.569426714967512,0.9973154362416108,0.5967741935483871,0.0017513680235443137,0.0870987592975983,"[0.9959677419354839, 0.9986577181208054, 0.9973154362416108, 0.9959731543624161, 1.0]","[0.43315508021390375, 0.5967741935483871, 0.6612903225806451, 0.6129032258064516, 0.543010752688172]","[[[41, 23, 4, 0, 0], [18, 5, 4, 7, 0], [3, 8, 9, 8, 1], [0, 0, 0, 17, 1], [0, 2, 0, 27, 9]], [[51, 14, 2, 0, 0], [17, 7, 8, 0, 1], [4, 11, 15, 0, 0], [0, 3, 1, 6, 8], [0, 1, 2, 3, 32]], [[50, 11, 5, 0, 1], [9, 10, 14, 0, 0], [2, 7, 20, 1, 0], [0, 0, 0, 8, 10], [0, 0, 0, 3, 35]], [[58, 5, 4, 0, 0], [12, 8, 12, 1, 0], [3, 11, 13, 1, 2], [0, 1, 3, 6, 8], [0, 0, 2, 7, 29]], [[53, 10, 4, 1, 0], [21, 5, 7, 0, 0], [5, 7, 16, 1, 0], [1, 1, 2, 3, 11], [3, 0, 6, 5, 24]]]",LinearSVC()
87,AutoDataset,class5,900,AdaBoostClassifier,931,0.6463570758461428,0.5026047955839228,0.6442953020134228,0.46236559139784944,0.027566098600380288,0.09174639766296204,"[0.6801075268817204, 0.6442953020134228, 0.6268456375838927, 0.6134228187919463, 0.6671140939597315]","[0.5775401069518716, 0.46236559139784944, 0.6182795698924731, 0.45698924731182794, 0.3978494623655914]","[[[53, 9, 6, 0, 0], [9, 13, 9, 3, 0], [4, 3, 20, 2, 0], [0, 0, 0, 18, 0], [0, 1, 3, 30, 4]], [[34, 18, 15, 0, 0], [8, 7, 18, 0, 0], [5, 5, 20, 0, 0], [0, 0, 4, 5, 9], [0, 0, 0, 18, 20]], [[46, 10, 11, 0, 0], [9, 12, 12, 0, 0], [3, 3, 24, 0, 0], [0, 0, 2, 5, 11], [0, 0, 0, 10, 28]], [[37, 24, 6, 0, 0], [12, 11, 10, 0, 0], [6, 13, 11, 0, 0], [0, 2, 3, 2, 11], [4, 0, 1, 9, 24]], [[36, 18, 14, 0, 0], [16, 6, 11, 0, 0], [6, 12, 11, 0, 0], [0, 0, 3, 7, 8], [1, 0, 5, 18, 14]]]",AdaBoostClassifier(n_estimators=100)
88,AutoDataset,class5,900,GradientBoostingClassifier,931,0.9975828101320632,0.6091369098959232,0.9973154362416108,0.6505376344086021,0.0017513680235443137,0.07645502919073212,"[0.9959677419354839, 0.9986577181208054, 0.9973154362416108, 0.9959731543624161, 1.0]","[0.5026737967914439, 0.6666666666666666, 0.6720430107526881, 0.6505376344086021, 0.553763440860215]","[[[55, 8, 5, 0, 0], [19, 3, 5, 7, 0], [5, 5, 16, 3, 0], [0, 0, 0, 18, 0], [2, 1, 1, 32, 2]], [[54, 11, 0, 1, 1], [21, 8, 4, 0, 0], [7, 5, 18, 0, 0], [0, 0, 0, 7, 11], [0, 0, 0, 1, 37]], [[59, 3, 5, 0, 0], [13, 7, 11, 0, 2], [1, 8, 19, 1, 1], [0, 0, 1, 3, 14], [0, 0, 0, 1, 37]], [[61, 4, 2, 0, 0], [18, 6, 9, 0, 0], [7, 2, 20, 0, 1], [1, 1, 7, 0, 9], [0, 0, 2, 2, 34]], [[59, 7, 2, 0, 0], [23, 4, 6, 0, 0], [15, 2, 12, 0, 0], [0, 1, 4, 0, 13], [3, 1, 5, 1, 28]]]",GradientBoostingClassifier()
89,AutoDataset,class5,900,VotingClassifier,931,0.9975828101320632,0.6102811799206486,0.9973154362416108,0.6290322580645161,0.0017513680235443137,0.10566489995428867,"[0.9959677419354839, 0.9986577181208054, 0.9973154362416108, 0.9959731543624161, 1.0]","[0.4385026737967914, 0.6290322580645161, 0.7204301075268817, 0.6612903225806451, 0.6021505376344086]","[[[47, 18, 3, 0, 0], [18, 3, 4, 9, 0], [5, 5, 10, 9, 0], [0, 0, 0, 18, 0], [0, 2, 0, 32, 4]], [[55, 11, 1, 0, 0], [19, 8, 6, 0, 0], [10, 7, 13, 0, 0], [0, 1, 0, 8, 9], [0, 1, 1, 3, 33]], [[61, 4, 1, 0, 1], [15, 8, 10, 0, 0], [5, 2, 23, 0, 0], [0, 0, 0, 7, 11], [0, 0, 0, 3, 35]], [[61, 4, 2, 0, 0], [16, 7, 10, 0, 0], [4, 7, 17, 0, 2], [0, 1, 4, 3, 10], [0, 0, 1, 2, 35]], [[61, 4, 3, 0, 0], [26, 2, 5, 0, 0], [8, 5, 16, 0, 0], [1, 0, 0, 4, 13], [2, 0, 3, 4, 29]]]","VotingClassifier(estimators=[('mlp',
                              MLPClassifier(activation='logistic',
                                            hidden_layer_sizes=100,
                                            max_iter=300)),
                             ('svc', LinearSVC()),
                             ('rfc', RandomForestClassifier())])"
90,AutoDataset,class5,1000,GaussianNB,931,0.6767049144836546,0.5726697717210051,0.6644295302013423,0.6290322580645161,0.030094363105800923,0.11332480207229569,"[0.7258064516129032, 0.6644295302013423, 0.6536912751677852, 0.6550335570469799, 0.6845637583892618]","[0.41711229946524064, 0.6774193548387096, 0.6505376344086021, 0.6290322580645161, 0.489247311827957]","[[[44, 21, 3, 0, 0], [10, 3, 2, 19, 0], [2, 4, 13, 10, 0], [0, 0, 0, 18, 0], [0, 0, 0, 38, 0]], [[51, 10, 4, 0, 2], [19, 7, 7, 0, 0], [10, 3, 17, 0, 0], [0, 0, 0, 18, 0], [0, 0, 0, 5, 33]], [[52, 3, 10, 0, 2], [14, 6, 12, 0, 1], [1, 5, 20, 1, 3], [0, 0, 0, 6, 12], [0, 0, 0, 1, 37]], [[59, 5, 3, 0, 0], [17, 4, 12, 0, 0], [5, 2, 18, 0, 5], [0, 0, 6, 0, 12], [0, 0, 2, 0, 36]], [[45, 18, 4, 0, 1], [22, 2, 8, 0, 1], [13, 5, 11, 0, 0], [0, 0, 3, 0, 15], [1, 0, 4, 0, 33]]]",GaussianNB()
91,AutoDataset,class5,1000,MLPClassifier,931,0.9975828101320632,0.6263757115749525,0.9973154362416108,0.6290322580645161,0.0017513680235443137,0.09663575857467606,"[0.9959677419354839, 0.9986577181208054, 0.9973154362416108, 0.9959731543624161, 1.0]","[0.47058823529411764, 0.6290322580645161, 0.7258064516129032, 0.6827956989247311, 0.6236559139784946]","[[[47, 18, 3, 0, 0], [21, 4, 4, 5, 0], [5, 6, 14, 4, 0], [0, 0, 0, 18, 0], [1, 1, 1, 30, 5]], [[50, 14, 2, 0, 1], [15, 9, 9, 0, 0], [6, 8, 16, 0, 0], [0, 0, 0, 9, 9], [0, 0, 0, 5, 33]], [[57, 7, 2, 0, 1], [11, 12, 9, 0, 1], [2, 4, 24, 0, 0], [0, 0, 0, 8, 10], [0, 0, 0, 4, 34]], [[62, 3, 2, 0, 0], [16, 7, 10, 0, 0], [1, 6, 20, 0, 3], [0, 1, 3, 4, 10], [0, 0, 1, 3, 34]], [[59, 4, 5, 0, 0], [23, 5, 5, 0, 0], [6, 7, 15, 1, 0], [0, 0, 0, 7, 11], [1, 0, 2, 5, 30]]]","MLPClassifier(activation='logistic', hidden_layer_sizes=100, max_iter=300)"
92,AutoDataset,class5,1000,LogisticRegression,931,0.6960287219455872,0.6080386406762118,0.687248322147651,0.6344086021505376,0.014210862308048225,0.0591978738059146,"[0.706989247311828, 0.6859060402684564, 0.6845637583892618, 0.687248322147651, 0.7154362416107383]","[0.5240641711229946, 0.6451612903225806, 0.6666666666666666, 0.6344086021505376, 0.5698924731182796]","[[[63, 4, 1, 0, 0], [25, 2, 2, 5, 0], [8, 4, 12, 5, 0], [0, 0, 0, 18, 0], [2, 0, 0, 33, 3]], [[62, 4, 1, 0, 0], [26, 4, 3, 0, 0], [13, 6, 11, 0, 0], [0, 0, 0, 5, 13], [0, 0, 0, 0, 38]], [[64, 1, 2, 0, 0], [23, 4, 5, 0, 1], [6, 5, 17, 0, 2], [0, 0, 0, 1, 17], [0, 0, 0, 0, 38]], [[65, 0, 2, 0, 0], [22, 3, 8, 0, 0], [12, 0, 15, 0, 3], [1, 0, 4, 0, 13], [1, 0, 2, 0, 35]], [[64, 3, 1, 0, 0], [27, 0, 6, 0, 0], [19, 2, 8, 0, 0], [0, 0, 2, 0, 16], [2, 0, 2, 0, 34]]]","LogisticRegression(C=0.01, l1_ratio=0.2, max_iter=400, penalty='elasticnet',
                   solver='saga')"
93,AutoDataset,class5,1000,KNeighborsClassifier,931,0.734165042938587,0.5586797768960957,0.7261744966442953,0.5913978494623656,0.017179430072958787,0.07355386810848984,"[0.7647849462365591, 0.7288590604026846, 0.7261744966442953, 0.7248322147651006, 0.7261744966442953]","[0.42780748663101603, 0.5913978494623656, 0.5913978494623656, 0.6021505376344086, 0.5806451612903226]","[[[53, 12, 3, 0, 0], [15, 2, 1, 16, 0], [6, 8, 7, 8, 0], [0, 0, 0, 18, 0], [0, 1, 0, 37, 0]], [[56, 9, 2, 0, 0], [23, 6, 4, 0, 0], [12, 9, 9, 0, 0], [0, 2, 0, 5, 11], [0, 0, 0, 4, 34]], [[60, 5, 2, 0, 0], [24, 2, 7, 0, 0], [11, 8, 10, 0, 1], [0, 1, 0, 1, 16], [0, 0, 0, 1, 37]], [[63, 3, 1, 0, 0], [23, 4, 6, 0, 0], [12, 4, 11, 0, 3], [1, 1, 2, 0, 14], [0, 2, 0, 2, 34]], [[64, 2, 2, 0, 0], [28, 2, 3, 0, 0], [17, 5, 7, 0, 0], [0, 1, 3, 2, 12], [2, 0, 2, 1, 33]]]",KNeighborsClassifier()
94,AutoDataset,class5,1000,ExtraTreeClassifier,931,0.9975828101320632,0.45657524006670114,0.9973154362416108,0.45698924731182794,0.0017513680235443137,0.056651546337835805,"[0.9959677419354839, 0.9986577181208054, 0.9973154362416108, 0.9959731543624161, 1.0]","[0.3850267379679144, 0.44086021505376344, 0.543010752688172, 0.45698924731182794, 0.45698924731182794]","[[[43, 15, 8, 1, 1], [19, 2, 5, 7, 1], [8, 4, 9, 5, 3], [1, 1, 2, 10, 4], [2, 6, 2, 20, 8]], [[39, 16, 8, 2, 2], [15, 9, 7, 1, 1], [13, 9, 6, 0, 2], [2, 1, 3, 3, 9], [2, 0, 2, 9, 25]], [[44, 11, 8, 1, 3], [15, 9, 4, 2, 3], [4, 5, 15, 2, 4], [1, 1, 0, 4, 12], [2, 2, 1, 4, 29]], [[51, 8, 6, 0, 2], [14, 7, 9, 1, 2], [11, 9, 6, 2, 2], [1, 1, 5, 4, 7], [3, 1, 2, 15, 17]], [[48, 8, 7, 3, 2], [18, 6, 6, 1, 2], [13, 6, 5, 1, 4], [1, 0, 2, 6, 9], [4, 2, 2, 10, 20]]]",ExtraTreeClassifier()
95,AutoDataset,class5,1000,RandomForestClassifier,931,0.9975828101320632,0.6027197975964579,0.9973154362416108,0.6344086021505376,0.0017513680235443137,0.08081315983582466,"[0.9959677419354839, 0.9986577181208054, 0.9973154362416108, 0.9959731543624161, 1.0]","[0.47058823529411764, 0.6451612903225806, 0.6774193548387096, 0.6344086021505376, 0.5860215053763441]","[[[58, 7, 3, 0, 0], [16, 3, 2, 13, 0], [5, 8, 9, 7, 0], [0, 0, 0, 18, 0], [1, 0, 0, 37, 0]], [[60, 4, 2, 0, 1], [26, 3, 4, 0, 0], [12, 4, 14, 0, 0], [0, 0, 0, 6, 12], [0, 0, 0, 1, 37]], [[62, 2, 2, 0, 1], [21, 4, 7, 0, 1], [5, 2, 21, 0, 2], [0, 0, 0, 1, 17], [0, 0, 0, 0, 38]], [[65, 0, 2, 0, 0], [20, 1, 12, 0, 0], [9, 2, 17, 0, 2], [0, 0, 5, 0, 13], [1, 0, 2, 0, 35]], [[62, 5, 1, 0, 0], [24, 2, 7, 0, 0], [18, 1, 10, 0, 0], [0, 1, 1, 0, 16], [2, 0, 1, 0, 35]]]",RandomForestClassifier()
96,AutoDataset,class5,1000,LinearSVC,931,0.9975828101320632,0.5844517279052382,0.9973154362416108,0.6075268817204301,0.0017513680235443137,0.08241517799596056,"[0.9959677419354839, 0.9986577181208054, 0.9973154362416108, 0.9959731543624161, 1.0]","[0.45989304812834225, 0.6129032258064516, 0.6827956989247311, 0.6075268817204301, 0.5591397849462365]","[[[44, 21, 3, 0, 0], [18, 5, 4, 7, 0], [3, 7, 10, 8, 1], [0, 0, 0, 17, 1], [0, 1, 0, 27, 10]], [[53, 11, 3, 0, 0], [15, 9, 8, 0, 1], [4, 12, 14, 0, 0], [0, 2, 0, 7, 9], [0, 1, 3, 3, 31]], [[52, 9, 5, 0, 1], [7, 13, 13, 0, 0], [3, 7, 19, 1, 0], [0, 0, 1, 8, 9], [0, 0, 0, 3, 35]], [[58, 5, 4, 0, 0], [12, 7, 12, 2, 0], [3, 12, 12, 1, 2], [0, 1, 3, 6, 8], [0, 0, 1, 7, 30]], [[54, 9, 4, 1, 0], [20, 5, 8, 0, 0], [3, 7, 16, 3, 0], [1, 0, 2, 4, 11], [2, 0, 6, 5, 25]]]",LinearSVC()
97,AutoDataset,class5,1000,AdaBoostClassifier,931,0.6415248610810421,0.4994364901385774,0.6322147651006711,0.5240641711229946,0.033135119959469696,0.07127352828977598,"[0.6801075268817204, 0.6322147651006711, 0.6161073825503356, 0.6067114093959731, 0.6724832214765101]","[0.5240641711229946, 0.41935483870967744, 0.5806451612903226, 0.543010752688172, 0.43010752688172044]","[[[50, 15, 3, 0, 0], [6, 8, 20, 0, 0], [3, 4, 21, 1, 0], [0, 0, 0, 16, 2], [0, 0, 4, 31, 3]], [[31, 21, 15, 0, 0], [8, 12, 13, 0, 0], [4, 9, 17, 0, 0], [0, 0, 5, 5, 8], [0, 0, 1, 24, 13]], [[47, 7, 12, 0, 1], [8, 11, 14, 0, 0], [1, 5, 23, 1, 0], [0, 0, 2, 3, 13], [0, 0, 3, 11, 24]], [[54, 11, 2, 0, 0], [16, 7, 10, 0, 0], [10, 6, 12, 0, 2], [1, 1, 6, 0, 10], [1, 3, 4, 2, 28]], [[35, 15, 18, 0, 0], [15, 7, 11, 0, 0], [5, 13, 11, 0, 0], [0, 0, 4, 8, 6], [0, 0, 4, 15, 19]]]",AdaBoostClassifier(n_estimators=100)
98,AutoDataset,class5,1000,GradientBoostingClassifier,931,0.9975828101320632,0.6080961416824794,0.9973154362416108,0.6612903225806451,0.0017513680235443137,0.09087034721487816,"[0.9959677419354839, 0.9986577181208054, 0.9973154362416108, 0.9959731543624161, 1.0]","[0.47058823529411764, 0.6720430107526881, 0.6774193548387096, 0.6612903225806451, 0.5591397849462365]","[[[52, 12, 4, 0, 0], [19, 3, 4, 8, 0], [7, 8, 12, 2, 0], [0, 0, 0, 18, 0], [3, 0, 0, 32, 3]], [[54, 11, 1, 0, 1], [19, 7, 6, 0, 1], [6, 5, 19, 0, 0], [0, 0, 0, 8, 10], [0, 0, 0, 1, 37]], [[58, 4, 5, 0, 0], [15, 8, 8, 0, 2], [2, 7, 20, 0, 1], [0, 0, 0, 3, 15], [0, 0, 0, 1, 37]], [[61, 5, 1, 0, 0], [19, 7, 7, 0, 0], [7, 2, 21, 0, 0], [1, 1, 7, 0, 9], [0, 0, 2, 2, 34]], [[58, 8, 2, 0, 0], [21, 5, 7, 0, 0], [12, 6, 11, 0, 0], [1, 0, 3, 1, 13], [3, 0, 5, 1, 29]]]",GradientBoostingClassifier()
99,AutoDataset,class5,1000,VotingClassifier,931,0.9975828101320632,0.6188545799551493,0.9973154362416108,0.6182795698924731,0.0017513680235443137,0.09852114712180433,"[0.9959677419354839, 0.9986577181208054, 0.9973154362416108, 0.9959731543624161, 1.0]","[0.46524064171123, 0.6182795698924731, 0.7365591397849462, 0.6559139784946236, 0.6182795698924731]","[[[48, 17, 3, 0, 0], [20, 4, 3, 7, 0], [4, 6, 11, 8, 0], [0, 0, 0, 18, 0], [0, 1, 1, 30, 6]], [[54, 12, 1, 0, 0], [18, 7, 8, 0, 0], [9, 7, 14, 0, 0], [0, 2, 0, 7, 9], [0, 1, 1, 3, 33]], [[60, 4, 2, 0, 1], [13, 9, 10, 0, 1], [3, 2, 25, 0, 0], [0, 0, 0, 8, 10], [0, 0, 0, 3, 35]], [[62, 3, 2, 0, 0], [17, 6, 10, 0, 0], [5, 7, 16, 0, 2], [0, 1, 4, 3, 10], [0, 0, 1, 2, 35]], [[61, 4, 3, 0, 0], [23, 5, 5, 0, 0], [9, 5, 14, 1, 0], [1, 0, 1, 4, 12], [1, 0, 3, 3, 31]]]","VotingClassifier(estimators=[('mlp',
                              MLPClassifier(activation='logistic',
                                            hidden_layer_sizes=100,
                                            max_iter=300)),
                             ('svc', LinearSVC()),
                             ('rfc', RandomForestClassifier())])"
100,AutoDataset,class5,1008,GaussianNB,931,0.6756310889802988,0.5748203093554137,0.6644295302013423,0.6344086021505376,0.030774873347123557,0.113041764065605,"[0.7258064516129032, 0.6644295302013423, 0.6510067114093959, 0.6536912751677852, 0.6832214765100671]","[0.41711229946524064, 0.6774193548387096, 0.6505376344086021, 0.6344086021505376, 0.4946236559139785]","[[[44, 22, 2, 0, 0], [10, 3, 2, 19, 0], [2, 4, 13, 10, 0], [0, 0, 0, 18, 0], [0, 0, 0, 38, 0]], [[51, 10, 4, 0, 2], [19, 7, 7, 0, 0], [10, 3, 17, 0, 0], [0, 0, 0, 18, 0], [0, 0, 0, 5, 33]], [[52, 3, 10, 0, 2], [14, 6, 12, 0, 1], [1, 5, 20, 1, 3], [0, 0, 0, 6, 12], [0, 0, 0, 1, 37]], [[59, 5, 3, 0, 0], [16, 5, 12, 0, 0], [5, 2, 18, 0, 5], [0, 0, 5, 0, 13], [0, 0, 2, 0, 36]], [[45, 18, 4, 0, 1], [22, 2, 8, 0, 1], [13, 4, 12, 0, 0], [0, 0, 3, 0, 15], [1, 0, 4, 0, 33]]]",GaussianNB()
101,AutoDataset,class5,1008,MLPClassifier,931,0.9975828101320632,0.6328158242769248,0.9973154362416108,0.6397849462365591,0.0017513680235443137,0.09624048864428163,"[0.9959677419354839, 0.9986577181208054, 0.9973154362416108, 0.9959731543624161, 1.0]","[0.48128342245989303, 0.6397849462365591, 0.7365591397849462, 0.6881720430107527, 0.6182795698924731]","[[[47, 17, 4, 0, 0], [21, 4, 4, 5, 0], [3, 3, 16, 7, 0], [0, 0, 0, 18, 0], [1, 1, 1, 30, 5]], [[50, 15, 2, 0, 0], [15, 10, 8, 0, 0], [6, 7, 17, 0, 0], [0, 0, 0, 9, 9], [0, 0, 0, 5, 33]], [[58, 6, 2, 0, 1], [10, 12, 10, 0, 1], [3, 3, 24, 0, 0], [0, 0, 0, 8, 10], [0, 0, 0, 3, 35]], [[63, 2, 2, 0, 0], [15, 9, 9, 0, 0], [2, 6, 20, 0, 2], [0, 1, 4, 3, 10], [0, 0, 1, 4, 33]], [[59, 5, 4, 0, 0], [24, 4, 5, 0, 0], [6, 6, 16, 1, 0], [0, 0, 1, 6, 11], [1, 0, 3, 4, 30]]]","MLPClassifier(activation='logistic', hidden_layer_sizes=100, max_iter=300)"
102,AutoDataset,class5,1008,LogisticRegression,931,0.6962975391498881,0.6080386406762118,0.6899328859060403,0.6344086021505376,0.012689736328415985,0.0591978738059146,"[0.7083333333333334, 0.6885906040268457, 0.6832214765100671, 0.6899328859060403, 0.7114093959731543]","[0.5240641711229946, 0.6344086021505376, 0.6666666666666666, 0.6451612903225806, 0.5698924731182796]","[[[63, 4, 1, 0, 0], [24, 3, 2, 5, 0], [9, 4, 11, 5, 0], [0, 0, 0, 18, 0], [3, 0, 0, 32, 3]], [[61, 4, 2, 0, 0], [26, 4, 3, 0, 0], [13, 7, 10, 0, 0], [0, 0, 0, 5, 13], [0, 0, 0, 0, 38]], [[64, 1, 2, 0, 0], [23, 4, 5, 0, 1], [6, 5, 17, 0, 2], [0, 0, 1, 1, 16], [0, 0, 0, 0, 38]], [[65, 0, 2, 0, 0], [22, 3, 8, 0, 0], [11, 0, 16, 0, 3], [1, 0, 4, 0, 13], [1, 0, 1, 0, 36]], [[64, 3, 1, 0, 0], [27, 0, 6, 0, 0], [19, 2, 8, 0, 0], [0, 0, 2, 0, 16], [2, 0, 2, 0, 34]]]","LogisticRegression(C=0.01, l1_ratio=0.2, max_iter=400, penalty='elasticnet',
                   solver='saga')"
103,AutoDataset,class5,1008,KNeighborsClassifier,931,0.7336263260445983,0.5586797768960957,0.7302013422818792,0.5913978494623656,0.014083466858139226,0.07384801369920564,"[0.7580645161290323, 0.7302013422818792, 0.7248322147651006, 0.7315436241610739, 0.723489932885906]","[0.42780748663101603, 0.5913978494623656, 0.5967741935483871, 0.6021505376344086, 0.5752688172043011]","[[[54, 11, 3, 0, 0], [15, 2, 1, 16, 0], [6, 9, 6, 8, 0], [0, 0, 0, 18, 0], [0, 1, 0, 37, 0]], [[57, 8, 2, 0, 0], [23, 6, 4, 0, 0], [12, 10, 8, 0, 0], [0, 2, 0, 5, 11], [0, 0, 0, 4, 34]], [[60, 5, 2, 0, 0], [23, 3, 7, 0, 0], [11, 8, 10, 0, 1], [0, 1, 0, 1, 16], [0, 0, 0, 1, 37]], [[63, 3, 1, 0, 0], [24, 3, 6, 0, 0], [12, 4, 12, 0, 2], [1, 1, 2, 0, 14], [0, 2, 0, 2, 34]], [[62, 4, 2, 0, 0], [28, 3, 2, 0, 0], [17, 5, 7, 0, 0], [0, 1, 2, 2, 13], [2, 0, 2, 1, 33]]]",KNeighborsClassifier()
104,AutoDataset,class5,1008,ExtraTreeClassifier,931,0.9975828101320632,0.42642746248059343,0.9973154362416108,0.43010752688172044,0.0017513680235443137,0.02545696736203739,"[0.9959677419354839, 0.9986577181208054, 0.9973154362416108, 0.9959731543624161, 1.0]","[0.42245989304812837, 0.43548387096774194, 0.45698924731182794, 0.43010752688172044, 0.3870967741935484]","[[[46, 9, 11, 2, 0], [5, 7, 9, 11, 2], [4, 7, 4, 10, 4], [0, 0, 0, 15, 3], [1, 0, 2, 28, 7]], [[34, 19, 10, 1, 3], [19, 7, 4, 3, 0], [10, 7, 6, 5, 2], [0, 3, 2, 6, 7], [2, 0, 4, 4, 28]], [[43, 13, 7, 2, 2], [19, 6, 3, 1, 4], [11, 8, 8, 2, 1], [2, 0, 2, 5, 9], [4, 3, 3, 5, 23]], [[42, 14, 8, 0, 3], [15, 9, 6, 2, 1], [11, 6, 9, 2, 2], [8, 0, 3, 3, 4], [0, 5, 9, 7, 17]], [[37, 18, 12, 0, 1], [17, 10, 3, 2, 1], [10, 7, 6, 4, 2], [2, 1, 0, 3, 12], [4, 1, 9, 8, 16]]]",ExtraTreeClassifier()
105,AutoDataset,class5,1008,RandomForestClassifier,931,0.9975828101320632,0.5887355528721752,0.9973154362416108,0.6236559139784946,0.0017513680235443137,0.07025288422915994,"[0.9959677419354839, 0.9986577181208054, 0.9973154362416108, 0.9959731543624161, 1.0]","[0.47593582887700536, 0.6236559139784946, 0.6397849462365591, 0.6397849462365591, 0.5645161290322581]","[[[58, 7, 3, 0, 0], [21, 2, 1, 10, 0], [6, 6, 10, 7, 0], [0, 0, 0, 18, 0], [1, 0, 0, 36, 1]], [[60, 5, 1, 0, 1], [26, 3, 4, 0, 0], [14, 6, 10, 0, 0], [0, 0, 0, 5, 13], [0, 0, 0, 0, 38]], [[63, 1, 3, 0, 0], [26, 1, 5, 0, 1], [6, 3, 18, 0, 3], [0, 0, 1, 0, 17], [0, 0, 0, 1, 37]], [[64, 0, 3, 0, 0], [19, 3, 11, 0, 0], [8, 3, 15, 0, 4], [1, 2, 1, 0, 14], [0, 0, 1, 0, 37]], [[59, 5, 4, 0, 0], [23, 3, 7, 0, 0], [17, 3, 9, 0, 0], [0, 0, 1, 0, 17], [2, 0, 1, 1, 34]]]",RandomForestClassifier()
106,AutoDataset,class5,1008,LinearSVC,931,0.9975828101320632,0.5866080156402737,0.9973154362416108,0.6129032258064516,0.0017513680235443137,0.0822846471760503,"[0.9959677419354839, 0.9986577181208054, 0.9973154362416108, 0.9959731543624161, 1.0]","[0.45454545454545453, 0.6129032258064516, 0.6720430107526881, 0.6236559139784946, 0.5698924731182796]","[[[43, 21, 4, 0, 0], [18, 4, 4, 8, 0], [3, 6, 11, 8, 1], [0, 0, 0, 17, 1], [0, 1, 0, 27, 10]], [[52, 12, 3, 0, 0], [15, 9, 8, 0, 1], [4, 12, 14, 0, 0], [0, 2, 0, 8, 8], [0, 1, 3, 3, 31]], [[52, 8, 5, 1, 1], [8, 12, 13, 0, 0], [4, 6, 19, 1, 0], [0, 0, 1, 7, 10], [0, 0, 0, 3, 35]], [[57, 6, 4, 0, 0], [10, 10, 12, 1, 0], [3, 12, 12, 1, 2], [0, 1, 3, 6, 8], [0, 0, 1, 6, 31]], [[54, 9, 4, 1, 0], [20, 7, 6, 0, 0], [3, 7, 16, 3, 0], [1, 0, 2, 4, 11], [2, 0, 6, 5, 25]]]",LinearSVC()
107,AutoDataset,class5,1008,AdaBoostClassifier,931,0.656558418128022,0.5144902535794376,0.6724832214765101,0.5240641711229946,0.03144704401278099,0.04903345418711056,"[0.6801075268817204, 0.6791946308724832, 0.6442953020134228, 0.6067114093959731, 0.6724832214765101]","[0.5240641711229946, 0.553763440860215, 0.521505376344086, 0.543010752688172, 0.43010752688172044]","[[[50, 15, 3, 0, 0], [6, 8, 20, 0, 0], [3, 4, 21, 1, 0], [0, 0, 0, 16, 2], [0, 0, 4, 31, 3]], [[44, 15, 8, 0, 0], [18, 5, 10, 0, 0], [5, 12, 13, 0, 0], [0, 0, 3, 11, 4], [0, 0, 1, 7, 30]], [[40, 16, 10, 0, 1], [9, 10, 13, 0, 1], [3, 5, 20, 0, 2], [0, 0, 1, 4, 13], [0, 1, 1, 13, 23]], [[54, 11, 2, 0, 0], [16, 7, 10, 0, 0], [10, 6, 12, 0, 2], [1, 1, 6, 0, 10], [1, 3, 4, 2, 28]], [[35, 15, 18, 0, 0], [15, 7, 11, 0, 0], [5, 13, 11, 0, 0], [0, 0, 4, 8, 6], [0, 0, 4, 15, 19]]]",AdaBoostClassifier(n_estimators=100)
108,AutoDataset,class5,1008,GradientBoostingClassifier,931,0.9975828101320632,0.6166925421194871,0.9973154362416108,0.6397849462365591,0.0017513680235443137,0.09615766502070856,"[0.9959677419354839, 0.9986577181208054, 0.9973154362416108, 0.9959731543624161, 1.0]","[0.47593582887700536, 0.6774193548387096, 0.7204301075268817, 0.6397849462365591, 0.5698924731182796]","[[[54, 12, 2, 0, 0], [19, 4, 3, 8, 0], [7, 9, 11, 2, 0], [0, 0, 0, 18, 0], [3, 0, 0, 33, 2]], [[56, 8, 1, 1, 1], [19, 7, 7, 0, 0], [7, 5, 18, 0, 0], [0, 0, 0, 7, 11], [0, 0, 0, 0, 38]], [[60, 3, 4, 0, 0], [14, 9, 9, 0, 1], [1, 4, 24, 0, 1], [0, 0, 0, 4, 14], [0, 0, 0, 1, 37]], [[62, 3, 2, 0, 0], [21, 2, 10, 0, 0], [6, 3, 21, 0, 0], [1, 0, 7, 0, 10], [0, 0, 2, 2, 34]], [[59, 6, 2, 1, 0], [21, 5, 7, 0, 0], [12, 5, 12, 0, 0], [0, 1, 3, 0, 14], [3, 1, 4, 0, 30]]]",GradientBoostingClassifier()
109,AutoDataset,class5,1008,VotingClassifier,931,0.9975828101320632,0.6124029670519234,0.9973154362416108,0.6129032258064516,0.0017513680235443137,0.09301604162258277,"[0.9959677419354839, 0.9986577181208054, 0.9973154362416108, 0.9959731543624161, 1.0]","[0.46524064171123, 0.6129032258064516, 0.7150537634408602, 0.6612903225806451, 0.6075268817204301]","[[[49, 16, 3, 0, 0], [19, 5, 3, 7, 0], [5, 5, 10, 9, 0], [0, 0, 0, 18, 0], [1, 1, 1, 30, 5]], [[54, 12, 1, 0, 0], [20, 7, 6, 0, 0], [10, 8, 12, 0, 0], [0, 1, 0, 8, 9], [0, 1, 1, 3, 33]], [[60, 4, 2, 0, 1], [13, 9, 10, 0, 1], [3, 3, 24, 0, 0], [0, 0, 0, 5, 13], [0, 0, 0, 3, 35]], [[64, 1, 2, 0, 0], [17, 6, 10, 0, 0], [5, 7, 16, 0, 2], [0, 1, 4, 3, 10], [0, 0, 1, 3, 34]], [[59, 6, 3, 0, 0], [23, 5, 5, 0, 0], [9, 5, 14, 1, 0], [0, 0, 2, 4, 12], [1, 0, 3, 3, 31]]]","VotingClassifier(estimators=[('mlp',
                              MLPClassifier(activation='logistic',
                                            hidden_layer_sizes=100,
                                            max_iter=300)),
                             ('svc', LinearSVC()),
                             ('rfc', RandomForestClassifier())])"
